PROV1;Sitka;x
PROV2;al-Qa'im;x
PROV3;Illuabor;x
PROV4;South Georgia;x
PROV5;Dutch Harbor;x
PROV6;Bardonecchia;x
PROV7;Dawson;x
PROV8;Essen;x
PROV9;Chaoyang;x
PROV10;Inuvik;x
PROV11;Echo Bay;x
PROV12;Reliance;x
PROV13;Vancouver;x
PROV14;Berau;x
PROV15;Prince Rupert;x
PROV16;Glenora;x
PROV17;Atlin;x
PROV18;Sintang;x
PROV19;Prince George;x
PROV20;Kelowna;x
PROV21;Vernon;x
PROV22;Edmonton;x
PROV23;Athabaska Landing;x
PROV24;Lahej;x
PROV25;Debre Tabor;x
PROV26;Calgary;x
PROV27;Denwood;x
PROV28;Qurayyat;x
PROV29;Medicine Hat;x
PROV30;Regina;x
PROV31;Stanley;x
PROV32;Prince Albert;x
PROV33;Asquith;x
PROV34;Saskatoon;x
PROV35;Maple Creek;x
PROV36;Winnipeg;x
PROV37;Churchill;x
PROV38;Indian Lakes;x
PROV39;Norway House;x
PROV40;Dauphin;x
PROV41;Brandon;x
PROV42;Irbid;x
PROV43;Sarrebourg;x
PROV44;Bayberd;x
PROV45;Shiga;x
PROV46;Toronto;x
PROV47;Fort Severn;x
PROV48;Fort Albany;x
PROV49;Dryden;x
PROV50;Thunder Bay;x
PROV51;Sault Ste Marie;x
PROV52;Sudbury;x
PROV53;Barrie;x
PROV54;Windsor;x
PROV55;Hamilton;x
PROV56;Kingston;x
PROV57;Ottawa;x
PROV58;Montreal;x
PROV59;Nitchequon;x
PROV60;Fort Rupert;x
PROV61;Chicoutimi;x
PROV62;Sept-Îles;x
PROV63;Temiscaming;x
PROV64;Trois-Rivičres;x
PROV65;Quebec City;x
PROV66;Sherbrooke;x
PROV67;Rimouski;x
PROV68;Fredericton;x
PROV69;Bathurst;x
PROV70;Prince Edward Island;x
PROV71;Halifax;x
PROV72;Truro;x
PROV73;Cape Breton Island;x
PROV74;Saint Johns;x
PROV75;Millertown;x
PROV76;Hopedale;x
PROV77;St. Pierre & Miquelon;x
PROV78;Seattle;x
PROV79;Spokane;x
PROV80;Walla Walla;x
PROV81;Portland;x
PROV82;Baker City;x
PROV83;Klamath Falls;x
PROV84;San Francisco;x
PROV85;Eureka;x
PROV86;Sacramento;x
PROV87;Monterey;x
PROV88;Mariposa;x
PROV89;Los Angeles;x
PROV90;San Diego;x
PROV91;Boise;x
PROV92;Coeur D'Alene;x
PROV93;Pocatello;x
PROV94;Carson City;x
PROV95;Elko;x
PROV96;Las Vegas;x
PROV97;Salt Lake City;x
PROV98;Loa;x
PROV99;Moab;x
PROV100;Phoenix;x
PROV101;Flagstaff;x
PROV102;Tucson;x
PROV103;Santa Fe;x
PROV104;Albuquerque;x
PROV105;Las Cruces;x
PROV106;Denver;x
PROV107;Grand Junction;x
PROV108;Alamosa;x
PROV109;Pueblo;x
PROV110;Cheyenne;x
PROV111;Cody;x
PROV112;Casper;x
PROV113;Bozeman;x
PROV114;Missoula;x
PROV115;Great Falls;x
PROV116;Billings;x
PROV117;Bismarck;x
PROV118;Minot;x
PROV119;Dickinson;x
PROV120;Sioux Falls;x
PROV121;Dupree;x
PROV122;Rapid City;x
PROV123;Omaha;x
PROV124;Alliance;x
PROV125;North Platte;x
PROV126;Topeka;x
PROV127;Goodland;x
PROV128;Wichita;x
PROV129;Oklahoma City;x
PROV130;Tahlequah;x
PROV131;Okmulgee;x
PROV132;Houston;x
PROV133;Austin;x
PROV134;Dallas;x
PROV135;Lubbock;x
PROV136;El Paso;x
PROV137;San Antonio;x
PROV138;Laredo;x
PROV139;New Orleans;x
PROV140;Baton Rouge;x
PROV141;Lake Charles;x
PROV142;Shreveport;x
PROV143;Little Rock;x
PROV144;Hot Springs;x
PROV145;Fayetteville;x
PROV146;St. Louis;x
PROV147;Joplin;x
PROV148;Malden;x
PROV149;Jefferson City;x
PROV150;Kansas City;x
PROV151;Des Moines;x
PROV152;Oskaloosa;x
PROV153;Cedar Rapids;x
PROV154;Sioux City;x
PROV155;Minneapolis;x
PROV156;Granite Falls;x
PROV157;Moorhead;x
PROV158;Duluth;x
PROV159;Milwaukee;x
PROV160;Eau Claire;x
PROV161;Green Bay;x
PROV162;Madison;x
PROV163;Chicago;x
PROV164;Rockford;x
PROV165;Champaign;x
PROV166;Peoria;x
PROV167;Springfield;x
PROV168;Carbondale;x
PROV169;Indianapolis;x
PROV170;Evansville;x
PROV171;South Bend;x
PROV172;Fort Wayne;x
PROV173;Detroit;x
PROV174;Grand Rapids;x
PROV175;Saginaw;x
PROV176;Traverse City;x
PROV177;Marquette;x
PROV178;Cleveland;x
PROV179;Columbus;x
PROV180;Sandusky;x
PROV181;Dayton;x
PROV182;Cincinnati;x
PROV183;Marietta;x
PROV184;Louisville;x
PROV185;Lexington;x
PROV186;Bowling Green;x
PROV187;Paducah;x
PROV188;Nashville;x
PROV189;Memphis;x
PROV190;Knoxville;x
PROV191;Chattanooga;x
PROV192;Jackson;x
PROV193;Vicksburg;x
PROV194;Biloxi;x
PROV195;Montgomery;x
PROV196;Tuscaloosa;x
PROV197;Mobile;x
PROV198;Tallahassee;x
PROV199;St. Augustine;x
PROV200;Tampa;x
PROV201;Atlanta;x
PROV202;Valdosta;x
PROV203;Bermuda;x
PROV204;Savannah;x
PROV205;Charleston;x
PROV206;Columbia;x
PROV207;Greenville;x
PROV208;Raleigh;x
PROV209;Charlotte;x
PROV210;Wilmington;x
PROV211;Richmond;x
PROV212;Manassas;x
PROV213;Fredericksburg;x
PROV214;Norfolk;x
PROV215;Staunton;x
PROV216;Roanoke;x
PROV217;Wheeling;x
PROV218;Huntington;x
PROV219;Baltimore;x
PROV220;Washington;x
PROV221;Hagerstown;x
PROV222;Dover;x
PROV223;Philadelphia;x
PROV224;Scranton;x
PROV225;Williamsport;x
PROV226;Harrisburg;x
PROV227;Pittsburgh;x
PROV228;Erie;x
PROV229;Newark;x
PROV230;Trenton;x
PROV231;Atlantic City;x
PROV232;New York;x
PROV233;Long Island;x
PROV234;Albany;x
PROV235;Binghamton;x
PROV236;Buffalo;x
PROV237;Rochester;x
PROV238;Syracuse;x
PROV239;Watertown;x
PROV240;Plattsburgh;x
PROV241;Hartford;x
PROV242;Providence;x
PROV243;Boston;x
PROV244;New Bedford;x
PROV245;Pittsfield;x
PROV246;Burlington;x
PROV247;Concord;x
PROV248;Lewiston;x
PROV249;Bangor;x
PROV250;Caribou;x
PROV251;Godthab;x
PROV252;Iceland;x
PROV253;Faroe Islands;x
PROV254;Belfast;x
PROV255;Londonderry;x
PROV256;Armagh;x
PROV257;Donegal;x
PROV258;Galway;x
PROV259;Sligo;x
PROV260;Cork;x
PROV261;Limerick;x
PROV262;Waterford;x
PROV263;Dublin;x
PROV264;Kildare;x
PROV265;Wexford;x
PROV266;Aberdeen;x
PROV267;Inverness;x
PROV268;Dundee;x
PROV269;Edinburgh;x
PROV270;Stirling;x
PROV271;Glasgow;x
PROV272;Dumfries;x
PROV273;Cardiff;x
PROV274;Cardigan;x
PROV275;Llandrindod;x
PROV276;Holyhead;x
PROV277;Liverpool;x
PROV278;Manchester;x
PROV279;Carlisle;x
PROV280;Newcastle-upon-Tyne;x
PROV281;Hull;x
PROV282;Leeds;x
PROV283;Sheffield;x
PROV284;Birmingham;x
PROV285;Chester;x
PROV286;Shrewsbury;x
PROV287;Coventry;x
PROV288;Nottingham;x
PROV289;Leicester;x
PROV290;Lincoln;x
PROV291;Cambridge;x
PROV292;Ipswich;x
PROV293;Chelmsford;x
PROV294;Oxford;x
PROV295;St. Albans;x
PROV296;Bristol;x
PROV297;Salisbury;x
PROV298;Bath;x
PROV299;Plymouth;x
PROV300;London;x
PROV301;Canterbury;x
PROV302;Brighton;x
PROV303;Southampton;x
PROV304;Isle of Man;x
PROV305;Trondheim;x
PROV306;Bodo;x
PROV307;Hammerfest;x
PROV308;Alesund;x
PROV309;Bergen;x
PROV310;Christianssand;x
PROV311;Skien;x
PROV312;Drammen;x
PROV313;Oslo;x
PROV314;Hamar;x
PROV315;Lillehammer;x
PROV316;Frederiksstad;x
PROV317;Gävle;x
PROV318;Sundsvall;x
PROV319;Östersund;x
PROV320;Umeĺ;x
PROV321;Luleĺ;x
PROV322;Stockholm;x
PROV323;Falun;x
PROV324;Uppsala;x
PROV325;Norrköping;x
PROV326;Västerĺs;x
PROV327;Örebro;x
PROV328;Karlstad;x
PROV329;Göteborg;x
PROV330;Borĺs;x
PROV331;Gotland;x
PROV332;Kalmar;x
PROV333;Växjö;x
PROV334;Malmö;x
PROV335;Karlskrona;x
PROV336;Oulu;x
PROV337;Kajaani;x
PROV338;Tornio;x
PROV339;Viipuri;x
PROV340;Kotka;x
PROV341;Mikkeli;x
PROV342;Kuopio;x
PROV343;Helsinki;x
PROV344;Hämeenlinna;x
PROV345;Turku;x
PROV346;Vaasa;x
PROV347;Tampere;x
PROV348;Ĺland Islands;x
PROV349;Reval;x
PROV350;Narva;x
PROV351;Pärnu;x
PROV352;Dorpat;x
PROV353;Ösel;x
PROV354;Riga;x
PROV355;Valmiera;x
PROV356;Daugavpils;x
PROV357;Jelgava;x
PROV358;Ventspils;x
PROV359;Liepaja;x
PROV360;Vilnius;x
PROV361;Kaunas;x
PROV362;Marijampole;x
PROV363;Panevezys;x
PROV364;Siauliai;x
PROV365;Palanga;x
PROV366;Aarhus;x
PROV367;Aalborg;x
PROV368;Orkney & Shetland Islands;x
PROV369;Kiel;x
PROV370;Flensburg;x
PROV371;Aabenraa;x
PROV372;Copenhagen;x
PROV373;Odense;x
PROV374;Bornholm;x
PROV375;Amsterdam;x
PROV376;Rotterdam;x
PROV377;Utrecht;x
PROV378;Middelburg;x
PROV379;Eindhoven;x
PROV380;Breda;x
PROV381;Maastricht;x
PROV382;Arnhem;x
PROV383;Groningen;x
PROV384;Zwolle;x
PROV385;Leeuwarden;x
PROV386;Assen;x
PROV387;Brussels;x
PROV388;Bruges;x
PROV389;Ghent;x
PROV390;Antwerp;x
PROV391;Hasselt;x
PROV392;Namur;x
PROV393;Tournai;x
PROV394;Charleroi;x
PROV395;Ličge;x
PROV396;Eupen-Malmedy;x
PROV397;Luxembourg;x
PROV398;Arlon;x
PROV399;Lille;x
PROV400;Dunkirk;x
PROV401;Arras;x
PROV402;Amiens;x
PROV403;Laon;x
PROV404;Cambrai;x
PROV405;Charleville;x
PROV406;Troyes;x
PROV407;Chaumont;x
PROV408;Chalons;x
PROV409;Strasbourg;x
PROV410;Mulhouse;x
PROV411;Nancy;x
PROV412;Metz;x
PROV413;Verdun;x
PROV414;Épinal;x
PROV415;Rouen;x
PROV416;Évreux;x
PROV417;Alençon;x
PROV418;Caen;x
PROV419;Channel Islands;x
PROV420;Brest;x
PROV421;St. Brieuc;x
PROV422;Vannes;x
PROV423;Nantes;x
PROV424;Rennes;x
PROV425;Paris;x
PROV426;Chartres;x
PROV427;Melun;x
PROV428;Dijon;x
PROV429;Auxerre;x
PROV430;Moulins;x
PROV431;Macon;x
PROV432;Besançon;x
PROV433;Lons;x
PROV434;Angers;x
PROV435;Laval;x
PROV436;Le Mans;x
PROV437;La Roche;x
PROV438;Orléans;x
PROV439;Bourges;x
PROV440;Blois;x
PROV441;Tours;x
PROV442;La Rochelle;x
PROV443;Poitiers;x
PROV444;Angoulęme;x
PROV445;Limoges;x
PROV446;Châteauroux;x
PROV447;Tulle;x
PROV448;Clermont-Ferrand;x
PROV449;Aurillac;x
PROV450;Cahors;x
PROV451;Lyon;x
PROV452;St. Étienne;x
PROV453;Valence;x
PROV454;Grenoble;x
PROV455;Toulouse;x
PROV456;Montauban;x
PROV457;Foix;x
PROV458;Bordeaux;x
PROV459;Mont de Marsan;x
PROV460;Pau;x
PROV461;Montpellier;x
PROV462;Rodez;x
PROV463;Carcassonne;x
PROV464;Perpignan;x
PROV465;Annecy;x
PROV466;Chambéry;x
PROV467;Marseilles;x
PROV468;Avignon;x
PROV469;Digne;x
PROV470;Toulon;x
PROV471;Frejus;x
PROV472;Nice;x
PROV473;Corsica;x
PROV474;La Coruńa;x
PROV475;Oviedo;x
PROV476;Vigo;x
PROV477;León;x
PROV478;Santander;x
PROV479;Burgos;x
PROV480;Valladolid;x
PROV481;Soria;x
PROV482;Salamanca;x
PROV483;Ávila;x
PROV484;Badajoz;x
PROV485;Almendralejo;x
PROV486;Cáceres;x
PROV487;Madrid;x
PROV488;Sigüenza;x
PROV489;Toledo;x
PROV490;Cuenca;x
PROV491;Ciudad Real;x
PROV492;Bilbao;x
PROV493;Pamplona;x
PROV494;Logrońo;x
PROV495;Zaragoza;x
PROV496;Huesca;x
PROV497;Teruel;x
PROV498;Barcelona;x
PROV499;Gerona;x
PROV500;Lérida;x
PROV501;Tarragona;x
PROV502;Balearic Islands;x
PROV503;Valencia;x
PROV504;Castellón;x
PROV505;Alicante;x
PROV506;Cartagena;x
PROV507;Murcia;x
PROV508;Albacete;x
PROV509;Seville;x
PROV510;Córdoba;x
PROV511;Huelva;x
PROV512;Cádiz;x
PROV513;Granada;x
PROV514;Málaga;x
PROV515;Almería;x
PROV516;Jaén;x
PROV517;Gibraltar;x
PROV518;Oporto;x
PROV519;Vila Real;x
PROV520;Covilhă;x
PROV521;Lisbon;x
PROV522;Coimbra;x
PROV523;Abrantes;x
PROV524;Setubal;x
PROV525;Évora;x
PROV526;Beja;x
PROV527;Faro;x
PROV528;Hamburg;x
PROV529;Lauenburg;x
PROV530;Lübeck;x
PROV531;Stade;x
PROV532;Lüneburg;x
PROV533;Heligoland;x
PROV534;Hanover;x
PROV535;Nienburg;x
PROV536;Brunswick;x
PROV537;Göttingen;x
PROV538;Osnabrück;x
PROV539;Bremen;x
PROV540;Oldenburg;x
PROV541;Cloppenburg;x
PROV542;Lingen;x
PROV543;Emden;x
PROV544;Schwerin;x
PROV545;Neustrelitz;x
PROV546;Stettin;x
PROV547;Swinemünde;x
PROV548;Stralsund;x
PROV549;Berlin;x
PROV550;Prenzlau;x
PROV551;Pritzwalk;x
PROV552;Cottbus;x
PROV553;Magdeburg;x
PROV554;Erfurt;x
PROV555;Dessau;x
PROV556;Halle;x
PROV557;Stendal;x
PROV558;Dresden;x
PROV559;Leipzig;x
PROV560;Chemnitz;x
PROV561;Weimar;x
PROV562;Gotha;x
PROV563;Meiningen;x
PROV564;Frankfurt;x
PROV565;Wiesbaden;x
PROV566;Kassel;x
PROV567;Giessen;x
PROV568;Fulda;x
PROV569;Mannheim;x
PROV570;Mainz;x
PROV571;Kaiserslautern;x
PROV572;Trier;x
PROV573;Saarbrücken;x
PROV574;Kreuznach;x
PROV575;Cologne;x
PROV576;Aachen;x
PROV577;Cleves;x
PROV578;Düsseldorf;x
PROV579;Koblenz;x
PROV580;Dortmund;x
PROV581;Münster;x
PROV582;Minden;x
PROV583;Siegen;x
PROV584;Korbach;x
PROV585;Detmold;x
PROV586;Karlsruhe;x
PROV587;Freiburg;x
PROV588;Konstanz;x
PROV589;Stuttgart;x
PROV590;Heilbronn;x
PROV591;Tübingen;x
PROV592;Augsburg;x
PROV593;Ulm;x
PROV594;Sigmaringen;x
PROV595;Nuremberg;x
PROV596;Aschaffenburg;x
PROV597;Würzburg;x
PROV598;Bayreuth;x
PROV599;Munich;x
PROV600;Landshut;x
PROV601;Ingolstadt;x
PROV602;Regensburg;x
PROV603;Zurich;x
PROV604;Basel;x
PROV605;Bern;x
PROV606;Lucerne;x
PROV607;Geneva;x
PROV608;Neuchâtel;x
PROV609;Sitten;x
PROV610;Ponape;x
PROV611;Chur;x
PROV612;Innsbruck;x
PROV613;Salzburg;x
PROV614;Bregenz;x
PROV615;Lienz;x
PROV616;Graz;x
PROV617;Judenburg;x
PROV618;Klagenfurt;x
PROV619;Vienna;x
PROV620;Sankt Pölten;x
PROV621;Krems;x
PROV622;Linz;x
PROV623;Sopron;x
PROV624;Eisenstadt;x
PROV625;Prague;x
PROV626;Hradec Králové;x
PROV627;Karlsbad;x
PROV628;Aussig;x
PROV629;Plzen;x
PROV630;Budejovice;x
PROV631;Brno;x
PROV632;Olomouc;x
PROV633;Bratislava;x
PROV634;Trencín;x
PROV635;Nitra;x
PROV636;Banská Bystrica;x
PROV637;Košice;x
PROV638;Rožnava;x
PROV639;Zalaegerszeg;x
PROV640;Pécs;x
PROV641;Budapest;x
PROV642;Gyor;x
PROV643;Székesfehérvár;x
PROV644;Kaposvár;x
PROV645;Kecskemét;x
PROV646;Miskolc;x
PROV647;Oradea;x
PROV648;Debrecen;x
PROV649;Szeged;x
PROV650;Békéscsaba;x
PROV651;Szatmár;x
PROV652;Temesvar;x
PROV653;Resicabánya;x
PROV654;Cluj;x
PROV655;Gyulafehervar;x
PROV656;Deva;x
PROV657;Nagyszeben;x
PROV658;Hawaii;x
PROV659;Brasso;x
PROV660;Udvarhely;x
PROV661;Beszterce;x
PROV662;Freiberg;x
PROV663;Suceava;x
PROV664;Bucharest;x
PROV665;Tirgu Jiu;x
PROV666;Craiova;x
PROV667;Tirgoviste;x
PROV668;Braila;x
PROV669;Calarasi;x
PROV670;Iasi;x
PROV671;Botosani;x
PROV672;Bacau;x
PROV673;Galati;x
PROV674;Constanta;x
PROV675;Tulcea;x
PROV676;Chisinau;x
PROV677;Balti;x
PROV678;Izmail;x
PROV679;Kolberg;x
PROV680;Köslin;x
PROV681;Küstrin;x
PROV682;Breslau;x
PROV683;Liegnitz;x
PROV684;Oppeln;x
PROV685;Kattowitz;x
PROV686;Line Islands;x
PROV687;Görlitz;x
PROV688;Troppau;x
PROV689;Tesin;x
PROV690;Danzig;x
PROV691;Tuchel;x
PROV692;Deutsch Krone;x
PROV693;Elbing;x
PROV694;Torun;x
PROV695;Königsberg;x
PROV696;Allenstein;x
PROV697;Gumbinnen;x
PROV698;Memel;x
PROV699;Posen;x
PROV700;Bromberg;x
PROV701;Gniezno;x
PROV702;Lvov;x
PROV703;Krakow;x
PROV704;Novy Sacz;x
PROV705;Przemysl;x
PROV706;Warsaw;x
PROV707;Suwalki;x
PROV708;Plock;x
PROV709;Lomza;x
PROV710;Skierniewice;x
PROV711;Siedlice;x
PROV712;Lodz;x
PROV713;Radom;x
PROV714;Tarnow;x
PROV715;Lublin;x
PROV716;Kielce;x
PROV717;Kalisz;x
PROV718;Minsk;x
PROV719;Bialystock;x
PROV720;Turin;x
PROV721;Aosta;x
PROV722;Novara;x
PROV723;Alessandria;x
PROV724;Genoa;x
PROV725;Savona;x
PROV726;Milan;x
PROV727;Bergamo;x
PROV728;Brescia;x
PROV729;Venice;x
PROV730;Verona;x
PROV731;Padua;x
PROV732;Treviso;x
PROV733;Udine;x
PROV734;Trent;x
PROV735;Bozen;x
PROV736;Trieste;x
PROV737;Gorizia;x
PROV738;Parma;x
PROV739;Modena;x
PROV740;Massa;x
PROV741;Bologna;x
PROV742;Ferrara;x
PROV743;Ravenna;x
PROV744;Florence;x
PROV745;Leghorn;x
PROV746;Lucca;x
PROV747;Siena;x
PROV748;Grosetto;x
PROV749;Rome;x
PROV750;Viterbo;x
PROV751;Perugia;x
PROV752;Ancona;x
PROV753;Aquila;x
PROV754;Naples;x
PROV755;Salerno;x
PROV756;Bari;x
PROV757;Foggia;x
PROV758;Brindisi;x
PROV759;Reggio di Calabria;x
PROV760;Catanzaro;x
PROV761;Potenza;x
PROV762;Palermo;x
PROV763;Messina;x
PROV764;Catania;x
PROV765;Cagliari;x
PROV766;Sassari;x
PROV767;Maribor;x
PROV768;Ljubljana;x
PROV769;Postojna;x
PROV770;Pola;x
PROV771;Zagreb;x
PROV772;Sisak;x
PROV773;Karlovac;x
PROV774;Senj;x
PROV775;Varaždin;x
PROV776;Kutternberg;x
PROV777;Požega;x
PROV778;Fiume;x
PROV779;Osijek;x
PROV780;Split;x
PROV781;Zadar;x
PROV782;Dubrovnik;x
PROV783;Sarajevo;x
PROV784;Bihac;x
PROV785;Banja Luka;x
PROV786;Tuzla;x
PROV787;Foca;x
PROV788;Mostar;x
PROV789;Livno;x
PROV790;Kitwe;x
PROV791;Mitrovica;x
PROV792;Pancevo;x
PROV793;Zlin;x
PROV794;Belgrade;x
PROV795;Bor;x
PROV796;Kragujevac;x
PROV797;Užice;x
PROV798;Niš;x
PROV799;Leskovac;x
PROV800;Ulcinj;x
PROV801;Tahiti;x
PROV802;Pristina;x
PROV803;Prizren;x
PROV804;Novi Pazar;x
PROV805;Salonika;x
PROV806;Skopje;x
PROV807;Kocani;x
PROV808;Petrich;x
PROV809;Sofia;x
PROV810;Vidin;x
PROV811;Ruse;x
PROV812;Pleven;x
PROV813;Shumen;x
PROV814;Varna;x
PROV815;Plovdiv;x
PROV816;Stara Zagora;x
PROV817;Burgas;x
PROV818;Silistre;x
PROV819;Florina;x
PROV820;Grevena;x
PROV821;Edessa;x
PROV822;Polygyros;x
PROV823;Kavala;x
PROV824;Janina;x
PROV825;Arta;x
PROV826;Corfu;x
PROV827;Zante;x
PROV828;Edirne;x
PROV829;Xanthe;x
PROV830;Dedeagatch;x
PROV831;Larissa;x
PROV832;Volos;x
PROV833;Trikkala;x
PROV834;Athens;x
PROV835;Amfissa;x
PROV836;Lamia;x
PROV837;Missolonghi;x
PROV838;Khalkis;x
PROV839;Nafplion;x
PROV840;Corinth;x
PROV841;Kalamata;x
PROV842;Patras;x
PROV843;Chios;x
PROV844;Kardzhali;x
PROV845;Cyclades;x
PROV846;Dodecanese;x
PROV847;Chania;x
PROV848;Iraklion;x
PROV849;Tirana;x
PROV850;Shkoder;x
PROV851;Durres;x
PROV852;Vlore;x
PROV853;Gjirokaster;x
PROV854;Malta;x
PROV855;Nicosia;x
PROV856;Cizre;x
PROV857;Famagusta;x
PROV858;Kirklareli;x
PROV859;Gallipoli;x
PROV860;Istanbul;x
PROV861;Üsküdar;x
PROV862;Izmit;x
PROV863;Bursa;x
PROV864;Balikesir;x
PROV865;Canakkale;x
PROV866;Yozgat;x
PROV867;Kütahya;x
PROV868;Eskishehir;x
PROV869;Izmir;x
PROV870;Manisa;x
PROV871;Denizli;x
PROV872;Mugla;x
PROV873;Konya;x
PROV874;Burdur;x
PROV875;Antalya;x
PROV876;Ankara;x
PROV877;Amasya;x
PROV878;Kayseri;x
PROV879;Sivas;x
PROV880;Kastamonu;x
PROV881;Bolu;x
PROV882;Trabzon;x
PROV883;Sinop;x
PROV884;Giresun;x
PROV885;Kars;x
PROV886;Ardahan;x
PROV887;Erzurum;x
PROV888;Erzincan;x
PROV889;Malatya;x
PROV890;Van;x
PROV891;Bitlis;x
PROV892;Hakkari;x
PROV893;Diyarbakir;x
PROV894;Adana;x
PROV895;Mersin;x
PROV896;Marash;x
PROV897;Aleppo;x
PROV898;Antep;x
PROV899;Urfa;x
PROV900;Antioch;x
PROV901;Dayr al-Zour;x
PROV902;Damascus;x
PROV903;Homs;x
PROV904;Hama;x
PROV905;Latakia;x
PROV906;Suwayda;x
PROV907;Palmyra;x
PROV908;Amman;x
PROV909;Karak;x
PROV910;Mafraq;x
PROV911;Ma'an;x
PROV912;Baalbeck;x
PROV913;Beirut;x
PROV914;Askaleh;x
PROV915;Sidon;x
PROV916;Acre;x
PROV917;Jerusalem;x
PROV918;Nablus;x
PROV919;Jaffa;x
PROV920;Gaza;x
PROV921;Beersheba;x
PROV922;Aqaba;x
PROV923;Mosul;x
PROV924;Zaxho;x
PROV925;Kirkuk;x
PROV926;Baghdad;x
PROV927;Samarra;x
PROV928;Arbil;x
PROV929;Karbala;x
PROV930;Kut;x
PROV931;Anbar;x
PROV932;Basra;x
PROV933;Nasiriyya;x
PROV934;Muthanna ;x
PROV935;Kuwait;x
PROV936;Grodno;x
PROV937;Brest-Litovsk;x
PROV938;Lida;x
PROV939;Baranovichi;x
PROV940;Pinsk;x
PROV941;Slutsk;x
PROV942;Mozyr;x
PROV943;Smolensk;x
PROV944;Orsha;x
PROV945;Vitebsk;x
PROV946;Polotsk;x
PROV947;Pastavy;x
PROV948;Mogilev;x
PROV949;Gomel;x
PROV950;Uzgorord;x
PROV951;Stryi;x
PROV952;Ternopil;x
PROV953;Stanislavov;x
PROV954;Vinnitsa;x
PROV955;Proskorov;x
PROV956;Rovne;x
PROV957;Kovel;x
PROV958;Kiev;x
PROV959;Korosten;x
PROV960;Zhitomir;x
PROV961;Cherkassy;x
PROV962;Chernigov;x
PROV963;Poltava;x
PROV964;Simferopol;x
PROV965;Cherson;x
PROV966;Kerch;x
PROV967;Sevastopol;x
PROV968;Odessa;x
PROV969;Pervomaisk;x
PROV970;Nikolaev;x
PROV971;Krivoy Rog;x
PROV972;Ekaterinoslav;x
PROV973;Melitopol;x
PROV974;Kramatorsk;x
PROV975;Yuzovka;x
PROV976;Mariupol;x
PROV977;Kursk;x
PROV978;Kharkov;x
PROV979;Rostov;x
PROV980;Luhansk;x
PROV981;Archangel;x
PROV982;Petsamo;x
PROV983;Kandalaksha;x
PROV984;Kostomushka;x
PROV985;Mezen;x
PROV986;Naryn Mar;x
PROV987;Ust Sysolsk;x
PROV988;Povyents;x
PROV989;Vologda;x
PROV990;Kotlas;x
PROV991;Uglich;x
PROV992;Belozersk;x
PROV993;Vyterga;x
PROV994;St. Petersburg;x
PROV995;Petrozavorsk;x
PROV996;Luga;x
PROV997;Gdov;x
PROV998;Tver;x
PROV999;Rzhev;x
PROV1000;Staritsa;x
PROV1001;Yaroslavl;x
PROV1002;Manzhouli;x
PROV1003;Novgorod;x
PROV1004;Tikhvin;x
PROV1005;Borovichi;x
PROV1006;Pskov;x
PROV1007;Velikiye Luki;x
PROV1008;Moscow;x
PROV1009;Borodino;x
PROV1010;Kaluga;x
PROV1011;Tula;x
PROV1012;Ryazan;x
PROV1013;Vladimir;x
PROV1014;Vyazma;x
PROV1015;Peremyshl;x
PROV1016;Bryansk;x
PROV1017;Orel;x
PROV1018;Belgorod;x
PROV1019;Voronets;x
PROV1020;Nizhni Novgorod;x
PROV1021;Penza;x
PROV1022;Ivanovo;x
PROV1023;Kostorma;x
PROV1024;Galich;x
PROV1025;Tambov;x
PROV1026;Perm;x
PROV1027;Vetluga;x
PROV1028;Vyatkha;x
PROV1029;Glasov;x
PROV1030;Kazan;x
PROV1031;Sarapul;x
PROV1032;Chistopol;x
PROV1033;Simbirsk;x
PROV1034;Samara;x
PROV1035;Syzran;x
PROV1036;Astrakhan;x
PROV1037;Saratov;x
PROV1038;Novo Uzensk;x
PROV1039;Tsaritsyn;x
PROV1040;Zarevka;x
PROV1041;Elitsa;x
PROV1042;Ufa;x
PROV1043;Busuluk;x
PROV1044;Orenburg;x
PROV1045;Migolinskaya;x
PROV1046;Chirskaya;x
PROV1047;Azov;x
PROV1048;Ekaterinodar;x
PROV1049;Novorossiysk;x
PROV1050;Stavropol;x
PROV1051;Adygei;x
PROV1052;Derbent;x
PROV1053;Urkarakh;x
PROV1054;Vladikavkaz;x
PROV1055;Gunib;x
PROV1056;Pyatigorsk;x
PROV1057;Grozny;x
PROV1058;Ekaterinburg;x
PROV1059;Chelyabinsk;x
PROV1060;Orsk;x
PROV1061;Tyumen;x
PROV1062;Berezov;x
PROV1063;Tomsk;x
PROV1064;Omsk;x
PROV1065;Nizhnevartovsk;x
PROV1066;Tobolsk;x
PROV1067;Barnaul;x
PROV1068;Ulala;x
PROV1069;Dahestan;x
PROV1070;Bryanka;x
PROV1071;Qonduz;x
PROV1072;Tabas;x
PROV1073;Yevensk;x
PROV1074;Petropavlovsk;x
PROV1075;Irkutsk;x
PROV1076;Bratsk;x
PROV1077;Krasnoyarsk;x
PROV1078;Chita;x
PROV1079;Nerchinsk;x
PROV1080;Chernomin;x
PROV1081;Ayteke Bi;x
PROV1082;Haishenwai;x
PROV1083;Boli;x
PROV1084;Utchan;x
PROV1085;Ulusamudan;x
PROV1086;Pogobi;x
PROV1087;Ootomari;x
PROV1088;Shumshu;x
PROV1089;Etorofu;x
PROV1090;Tblisi;x
PROV1091;Pasanauri;x
PROV1092;Kutaisi;x
PROV1093;Akhaltsikhe;x
PROV1094;Poti;x
PROV1095;Sukhumi;x
PROV1096;Batum;x
PROV1097;New Caledonia;x
PROV1098;Erivan;x
PROV1099;Gyumri;x
PROV1100;Kapan;x
PROV1101;Igdir;x
PROV1102;Baku;x
PROV1103;Quba;x
PROV1104;Sheki;x
PROV1105;Ganja;x
PROV1106;Agdam;x
PROV1107;Lankaran;x
PROV1108;Tabriz;x
PROV1109;Marand;x
PROV1110;Khvoy;x
PROV1111;Mahabad;x
PROV1112;Ardabil;x
PROV1113;Rasht;x
PROV1114;Noshehr;x
PROV1115;Sari;x
PROV1116;Gorgan;x
PROV1117;Sanandaj;x
PROV1118;Saqqez;x
PROV1119;Kermanshah;x
PROV1120;Khoramabad;x
PROV1121;Tehran;x
PROV1122;Hamadan;x
PROV1123;Zanjan;x
PROV1124;Qazvin;x
PROV1125;Qom;x
PROV1126;Semnan;x
PROV1127;Isfahan;x
PROV1128;Arak;x
PROV1129;Kashan;x
PROV1130;Yazd;x
PROV1131;Ahvaz;x
PROV1132;Abadan;x
PROV1133;Dezful;x
PROV1134;Dehkord;x
PROV1135;Shiraz;x
PROV1136;Bushire;x
PROV1137;Yasuj;x
PROV1138;Kangan;x
PROV1139;Sirjan;x
PROV1140;Kerman;x
PROV1141;Lengeh;x
PROV1142;Bandar Abbas;x
PROV1143;Bam;x
PROV1144;Zahedan;x
PROV1145;Jask;x
PROV1146;Chabahar;x
PROV1147;Mashhad;x
PROV1148;Birjand;x
PROV1149;Sabzevar;x
PROV1150;Bojnurd;x
PROV1151;Mecca;x
PROV1152;Jidda;x
PROV1153;Medina;x
PROV1154;Tabuk;x
PROV1155;Abha;x
PROV1156;Kaf;x
PROV1157;Riyadh;x
PROV1158;Rafha;x
PROV1159;Halaban;x
PROV1160;Hail;x
PROV1161;Sharurah;x
PROV1162;Bahrain;x
PROV1163;Qatif;x
PROV1164;Hufuf;x
PROV1165;Doha;x
PROV1166;Muscat;x
PROV1167;Abu Dhabi;x
PROV1168;Dubai;x
PROV1169;Rumah;x
PROV1170;Haima;x
PROV1171;Sur;x
PROV1172;Duqm;x
PROV1173;Mukalla;x
PROV1174;Bar-le-Duc;x
PROV1175;Ghayda;x
PROV1176;Bayda;x
PROV1177;Socotra;x
PROV1178;Sana;x
PROV1179;Hodeida;x
PROV1180;Lipetsk;x
PROV1181;Qaraganda;x
PROV1182;Guryev;x
PROV1183;Aqtobe;x
PROV1184;Kokshetau;x
PROV1185;Yasi;x
PROV1186;Alma Ata;x
PROV1187;Semipalatinsk;x
PROV1188;Qaratal;x
PROV1189;Bishkek;x
PROV1190;Naryn;x
PROV1191;Khiva;x
PROV1192;Nukus;x
PROV1193;Kyzylorda;x
PROV1194;Aqtau;x
PROV1195;Tashkent;x
PROV1196;Dashhowuz;x
PROV1197;Shymkent;x
PROV1198;Bukhara;x
PROV1199;Samarkand;x
PROV1200;Qarshi;x
PROV1201;Khojand;x
PROV1202;Kokand;x
PROV1203;Osh;x
PROV1204;Ashkhabad;x
PROV1205;Kyzyl Arvat;x
PROV1206;Merv;x
PROV1207;Kulob;x
PROV1208;Murghob;x
PROV1209;Kabul;x
PROV1210;Faizabad;x
PROV1211;Balkh;x
PROV1212;Herat;x
PROV1213;Bamyan;x
PROV1214;Farrah;x
PROV1215;Kandahar;x
PROV1216;Jalalabad;x
PROV1217;Ghazni;x
PROV1218;Peshawar;x
PROV1219;Quetta;x
PROV1220;Dalbandin;x
PROV1221;Kalat;x
PROV1222;Bela;x
PROV1223;Chitral;x
PROV1224;Srinagar;x
PROV1225;Gilgit;x
PROV1226;Leh;x
PROV1227;Lahore;x
PROV1228;Multan;x
PROV1229;Sialkot;x
PROV1230;Attock;x
PROV1231;Bahawalpur;x
PROV1232;Shahpur;x
PROV1233;Amritsar;x
PROV1234;Firozpur;x
PROV1235;Simla;x
PROV1236;Delhi;x
PROV1237;Panipat;x
PROV1238;Dehra Dun;x
PROV1239;Meerut;x
PROV1240;Agra;x
PROV1241;Cawnpore;x
PROV1242;Lucknow;x
PROV1243;Allahabad;x
PROV1244;Fyzabad;x
PROV1245;Benares;x
PROV1246;Gorakhpur;x
PROV1247;Patna;x
PROV1248;Gaya;x
PROV1249;Kharswari;x
PROV1250;Bhagalpur;x
PROV1251;Calcutta;x
PROV1252;Darjeeling;x
PROV1253;Bardwan;x
PROV1254;Dacca;x
PROV1255;Rajshahi;x
PROV1256;Jessore;x
PROV1257;Chittagong;x
PROV1258;Gauhati;x
PROV1259;Imphal;x
PROV1260;Dibrugarh;x
PROV1261;Cuttack;x
PROV1262;Keunjahr;x
PROV1263;Sambalpur;x
PROV1264;Ajmer;x
PROV1265;Jaisalmer;x
PROV1266;Jodhpur;x
PROV1267;Bikaner;x
PROV1268;Jaipur;x
PROV1269;Udaipur;x
PROV1270;Gwalior;x
PROV1271;Indore;x
PROV1272;Bhopal;x
PROV1273;Chhatarpur;x
PROV1274;Rewa;x
PROV1275;Jubbulpore;x
PROV1276;Hoshangabad;x
PROV1277;Nagpur;x
PROV1278;Amarati;x
PROV1279;Jagdalpur;x
PROV1280;Raipur;x
PROV1281;Bilaspur;x
PROV1282;Raigarh;x
PROV1283;Hyderabad;x
PROV1284;Aurangabad;x
PROV1285;Nizamabad;x
PROV1286;Gulbarga;x
PROV1287;Warangal;x
PROV1288;Karachi;x
PROV1289;Sukkur;x
PROV1290;Umarkot;x
PROV1291;Ahmedabad;x
PROV1292;Rajkot;x
PROV1293;Mandvi;x
PROV1294;Patan;x
PROV1295;Baroda;x
PROV1296;Surat;x
PROV1297;Bombay;x
PROV1298;Nasik;x
PROV1299;Poona;x
PROV1300;Bijapur;x
PROV1301;Kolhapur;x
PROV1302;Belgaum;x
PROV1303;Goa;x
PROV1304;Madras;x
PROV1305;Vizagapatnam;x
PROV1306;Masulipatnam;x
PROV1307;Nellore;x
PROV1308;Kurnool;x
PROV1309;Tanjore;x
PROV1310;Madurai;x
PROV1311;Coimbatore;x
PROV1312;Pondicherry;x
PROV1313;Bangalore;x
PROV1314;Mysore;x
PROV1315;Chitaldroog;x
PROV1316;Mangalore;x
PROV1317;Calicut;x
PROV1318;Cochin;x
PROV1319;Trivandrum;x
PROV1320;Andaman Islands;x
PROV1321;Colombo;x
PROV1322;Jaffna;x
PROV1323;Kandy;x
PROV1324;Trincomalee;x
PROV1325;Maldives;x
PROV1326;Katmandu;x
PROV1327;Jumla;x
PROV1328;Tumlong;x
PROV1329;Thimpu;x
PROV1330;Rangoon;x
PROV1331;Bassein;x
PROV1332;Pegu;x
PROV1333;Toungoo;x
PROV1334;Ava;x
PROV1335;Kyaukse;x
PROV1336;Magwe;x
PROV1337;Prome;x
PROV1338;Taunggyi;x
PROV1339;Haka;x
PROV1340;Lashio;x
PROV1341;Putao;x
PROV1342;Myitkyina;x
PROV1343;Moulmein;x
PROV1344;Mergui;x
PROV1345;Sittwe;x
PROV1346;Bangkok;x
PROV1347;Lopburi;x
PROV1348;Nakhon Sawan;x
PROV1349;Sukhothai;x
PROV1350;Nakhon Ratchasima;x
PROV1351;Prachinburi;x
PROV1352;Phuket;x
PROV1353;Ratchaburi;x
PROV1354;Nakhon Si Thammarat;x
PROV1355;Chiang Mai;x
PROV1356;Luang Prabang;x
PROV1357;Vientiane;x
PROV1358;Udon Thani;x
PROV1359;Sisaket;x
PROV1360;Xiangabouli;x
PROV1361;Savannakhet;x
PROV1362;Salavan;x
PROV1363;Pakse;x
PROV1364;Phnom Penh;x
PROV1365;Chanthaburi;x
PROV1366;Battambang;x
PROV1367;Kampot;x
PROV1368;Stongtreng;x
PROV1369;Hanoi;x
PROV1370;Hai Phong;x
PROV1371;Cao Bang;x
PROV1372;Son La;x
PROV1373;Lang Son;x
PROV1374;Thanh Hoa;x
PROV1375;Hue;x
PROV1376;Vinh;x
PROV1377;Tourane;x
PROV1378;Pleiku;x
PROV1379;Qui Nhon;x
PROV1380;Saigon;x
PROV1381;Dong Quai;x
PROV1382;Hatien;x
PROV1383;Vinhlong;x
PROV1384;Singapore;x
PROV1385;Johor Bahru;x
PROV1386;Malacca;x
PROV1387;Kuala Lumpur;x
PROV1388;Penang;x
PROV1389;Alor Setar;x
PROV1390;Kuantan;x
PROV1391;Kota Bahru;x
PROV1392;Pattani;x
PROV1393;Brunei;x
PROV1394;Kuching;x
PROV1395;Bintulu;x
PROV1396;Marudi;x
PROV1397;Sandakan;x
PROV1398;Jambi;x
PROV1399;Palembang;x
PROV1400;Inderagiri;x
PROV1401;Siak;x
PROV1402;Tanjungpinang;x
PROV1403;Lampung;x
PROV1404;Palak Pinang;x
PROV1405;Banda Aceh;x
PROV1406;Medan;x
PROV1407;Tapaktuan;x
PROV1408;Padang;x
PROV1409;Sibolga;x
PROV1410;Bencoolen;x
PROV1411;Gunungsitoli;x
PROV1412;Aden;x
PROV1413;Batavia;x
PROV1414;Bogor;x
PROV1415;Cirebon;x
PROV1416;Yogyakarta;x
PROV1417;Semarang;x
PROV1418;Surabaya;x
PROV1419;Surakarta;x
PROV1420;Probolinggo;x
PROV1421;Madura;x
PROV1422;Muraleve;x
PROV1423;Banjarmasin;x
PROV1424;Pasir;x
PROV1425;Tarakan;x
PROV1426;Pontianak;x
PROV1427;Kota Waringin;x
PROV1428;Kapuas;x
PROV1429;Samarinda;x
PROV1430;Makassar;x
PROV1431;Bone;x
PROV1432;Mamuju;x
PROV1433;Menado;x
PROV1434;Luwuk;x
PROV1435;Palu;x
PROV1436;Kendari;x
PROV1437;Bulon;x
PROV1438;Bali;x
PROV1439;Flores;x
PROV1440;Sumbawa;x
PROV1441;Sumba;x
PROV1442;Lombok;x
PROV1443;Gifu;x
PROV1444;Alor;x
PROV1445;Kaupeng;x
PROV1446;Dili;x
PROV1447;Ternate;x
PROV1448;Jilolo;x
PROV1449;Ambon;x
PROV1450;Ceram;x
PROV1451;Aru;x
PROV1452;Mie;x
PROV1453;Sorong;x
PROV1454;Merah;x
PROV1455;Manila;x
PROV1456;Vigan;x
PROV1457;Legazpi;x
PROV1458;Mindoro;x
PROV1459;Palawan;x
PROV1460;Iloilo;x
PROV1461;Tacloban;x
PROV1462;Zamboanga;x
PROV1463;Davao;x
PROV1464;Jolo;x
PROV1465;Urga;x
PROV1466;Dalandzadgad;x
PROV1467;Bayan Tumen;x
PROV1468;Uliastai;x
PROV1469;Kyzyl;x
PROV1470;Anqing;x
PROV1471;Chizhou;x
PROV1472;Fengyang;x
PROV1473;Huizhou;x
PROV1474;Luzhou;x
PROV1475;Ningguo;x
PROV1476;Sizhou;x
PROV1477;Taiping;x
PROV1478;Yingzhou;x
PROV1479;Mukden;x
PROV1480;Jinzhou;x
PROV1481;Port Arthur;x
PROV1482;Fuzhou;x
PROV1483;Jianning;x
PROV1484;Quanzhou;x
PROV1485;Taibei;x
PROV1486;Tingzhou;x
PROV1487;Zhangzhou;x
PROV1488;Jiayuguan;x
PROV1489;Gongchang;x
PROV1490;Lanzhou;x
PROV1491;Ningxia;x
PROV1492;Pingliang;x
PROV1493;Canton;x
PROV1494;Chaozhou;x
PROV1495;Zhanjiang;x
PROV1496;Hong Kong;x
PROV1497;Huizhou;x
PROV1498;Macao;x
PROV1499;Hainan;x
PROV1500;Shaozhou;x
PROV1501;Zhaoqing;x
PROV1502;Nanning;x
PROV1503;Guilin;x
PROV1504;Pingle;x
PROV1505;Guiyang;x
PROV1506;Anshun;x
PROV1507;Zhenyuan;x
PROV1508;Kaifeng;x
PROV1509;Guide;x
PROV1510;Luoyang;x
PROV1511;Zhengzhou;x
PROV1512;Chenzhou;x
PROV1513;Nanyang;x
PROV1514;Runing;x
PROV1515;Weihui;x
PROV1516;Hanyang;x
PROV1517;Dean;x
PROV1518;Huangzhou;x
PROV1519;Anlu;x
PROV1520;Jingzhou;x
PROV1521;Shinan;x
PROV1522;Wuchang;x
PROV1523;Xiangyang;x
PROV1524;Changsha;x
PROV1525;Changde;x
PROV1526;Baoqing;x
PROV1527;Hengzhou;x
PROV1528;Yuezhou;x
PROV1529;Yongshun;x
PROV1530;Yongzhou;x
PROV1531;New Ireland;x
PROV1532;Guihua Tumed;x
PROV1533;Jirim Chuulgan;x
PROV1534;Ulaan Chab Chuulghan;x
PROV1535;Yeke Juu Chuulghan;x
PROV1536;Huaian;x
PROV1537;Changzhou;x
PROV1538;Shanghai;x
PROV1539;Suzhou;x
PROV1540;Taicangzhou;x
PROV1541;Tongzhou;x
PROV1542;Xuzhou;x
PROV1543;Yangzhou;x
PROV1544;Zhenjiang;x
PROV1545;Nanchang;x
PROV1546;Guangxin;x
PROV1547;Jian;x
PROV1548;Jianchang;x
PROV1549;Jiujiang;x
PROV1550;Ganzhou;x
PROV1551;Raozhou;x
PROV1552;Qiqihar;x
PROV1553;Aigun;x
PROV1554;Ninguta;x
PROV1555;Jilin;x
PROV1556;Makhai;x
PROV1557;Balekungomi;x
PROV1558;Kegudo;x
PROV1559;Xian;x
PROV1560;Merauke;x
PROV1561;Yenan;x
PROV1562;Hanzhong;x
PROV1563;Jinan;x
PROV1564;Caozhou;x
PROV1565;Laizhou;x
PROV1566;Qingdao;x
PROV1567;Qingzhou;x
PROV1568;Taian;x
PROV1569;Weihaiwei;x
PROV1570;Wuding;x
PROV1571;Yizhou;x
PROV1572;Taiyuan;x
PROV1573;Fenzhou;x
PROV1574;Luan;x
PROV1575;Pingyang;x
PROV1576;Datong;x
PROV1577;Chongqing;x
PROV1578;Chengdu;x
PROV1579;Baotung;x
PROV1580;Jiading;x
PROV1581;Kuizhou;x
PROV1582;Longan;x
PROV1583;Shunqing;x
PROV1584;Tongchuan;x
PROV1585;Yibin;x
PROV1586;Yazhou;x
PROV1587;Lhasa;x
PROV1588;Chamdo;x
PROV1589;Shigatse;x
PROV1590;Lhodrak;x
PROV1591;Changtang;x
PROV1592;Ngari;x
PROV1593;Tawang;x
PROV1594;Kashgar;x
PROV1595;Ili;x
PROV1596;Tulta;x
PROV1597;Aksu;x
PROV1598;Khotan;x
PROV1599;Kumul;x
PROV1600;Díhuŕ;x
PROV1601;Kunming;x
PROV1602;Dali;x
PROV1603;Puer;x
PROV1604;Hangzhou;x
PROV1605;Huzhou;x
PROV1606;Jiaxing;x
PROV1607;Jinhua;x
PROV1608;Ningbo;x
PROV1609;Shaoxing;x
PROV1610;Taizhou;x
PROV1611;Wenzhou;x
PROV1612;Baoding;x
PROV1613;Chengde;x
PROV1614;Daming;x
PROV1615;Jizhou;x
PROV1616;Peking;x
PROV1617;Tianjin;x
PROV1618;Zhongding;x
PROV1619;Pyongyang;x
PROV1620;Chonchon;x
PROV1621;Hamhung;x
PROV1622;Chongjin;x
PROV1623;Kimchaek;x
PROV1624;Seoul;x
PROV1625;Kaesong;x
PROV1626;Haeju;x
PROV1627;Sariwon;x
PROV1628;Inchon;x
PROV1629;Wonsan;x
PROV1630;Kangnung;x
PROV1631;Wonju;x
PROV1632;Pusan;x
PROV1633;Taegu;x
PROV1634;Pohang;x
PROV1635;Kwangju;x
PROV1636;Taejon;x
PROV1637;Cheju;x
PROV1638;Hiroshima;x
PROV1639;Okayama;x
PROV1640;Yamaguchi;x
PROV1641;Tottori;x
PROV1642;Hakodate;x
PROV1643;Ishikara;x
PROV1644;Nemuru;x
PROV1645;Niigata;x
PROV1646;Kanazawa;x
PROV1647;Fukui;x
PROV1648;Toyama;x
PROV1649;Edo;x
PROV1650;Chiba;x
PROV1651;Yokohama;x
PROV1652;Urawa;x
PROV1653;Mito;x
PROV1654;Bonin;x
PROV1655;Osaka;x
PROV1656;Wakayama;x
PROV1657;Kyoto;x
PROV1658;Nara;x
PROV1659;Kobe;x
PROV1660;Fukuoka;x
PROV1661;Nagasaki;x
PROV1662;Kagoshima;x
PROV1663;Miyazaki;x
PROV1664;Kumamoto;x
PROV1665;Kochi;x
PROV1666;Matsuyama;x
PROV1667;Tokushima;x
PROV1668;Sendai;x
PROV1669;Fukushima;x
PROV1670;Morioka;x
PROV1671;Akita;x
PROV1672;Aomori;x
PROV1673;Yamagata;x
PROV1674;Utsunomiya;x
PROV1675;Nagoya;x
PROV1676;Shizuoka;x
PROV1677;Nagano;x
PROV1678;Okinawa;x
PROV1679;Amari;x
PROV1680;Fez;x
PROV1681;Wazzan;x
PROV1682;Meknes;x
PROV1683;Taza;x
PROV1684;Wujda;x
PROV1685;Rabat;x
PROV1686;Tangier;x
PROV1687;Tetouan;x
PROV1688;Ajdir;x
PROV1689;Melilla;x
PROV1690;Marrakesh;x
PROV1691;Casablanca;x
PROV1692;Huribka;x
PROV1693;Sawira;x
PROV1694;Agadir;x
PROV1695;Ifni;x
PROV1696;Tarfaya;x
PROV1697;Figuig;x
PROV1698;Rashidia;x
PROV1699;Warzazat;x
PROV1700;Algiers;x
PROV1701;Bougie;x
PROV1702;Setif;x
PROV1703;Medea;x
PROV1704;Oran;x
PROV1705;Tlemcen;x
PROV1706;Mustaghanim;x
PROV1707;Mascara;x
PROV1708;Constantine;x
PROV1709;Bone;x
PROV1710;Biskra;x
PROV1711;Ouargla;x
PROV1712;Tuggurt;x
PROV1713;Laghwat;x
PROV1714;Bechar;x
PROV1715;Naama;x
PROV1716;Tindouf;x
PROV1717;Tizi Ouzou;x
PROV1718;In Salah;x
PROV1719;Ilizi;x
PROV1720;Béchar;x
PROV1721;El Tarf;x
PROV1722;Tin Zawatene;x
PROV1723;Balboa;x
PROV1724;Tamanrasset;x
PROV1725;Tunis;x
PROV1726;Bizerte;x
PROV1727;Gafsa;x
PROV1728;Kairouan;x
PROV1729;Tozeur;x
PROV1730;Gabes;x
PROV1731;Tripoli;x
PROV1732;Gharyan;x
PROV1733;Misratah;x
PROV1734;Sirt;x
PROV1735;Benghazi;x
PROV1736;Darna;x
PROV1737;Tobruk;x
PROV1738;Jaghbub;x
PROV1739;Anai;x
PROV1740;Waddan;x
PROV1741;Murzuk;x
PROV1742;Jufra;x
PROV1743;Ghat;x
PROV1744;Sabhah;x
PROV1745;Cairo;x
PROV1746;Dumyat;x
PROV1747;Tanta;x
PROV1748;Mansura;x
PROV1749;Ziqaziq;x
PROV1750;Giza;x
PROV1751;Alexandria;x
PROV1752;Matruh;x
PROV1753;Sidi Barrani;x
PROV1754;Siwa;x
PROV1755;Suez;x
PROV1756;Al Arish;x
PROV1757;Sharm al-Shaykh;x
PROV1758;Farafra;x
PROV1759;Bawiti;x
PROV1760;Mut;x
PROV1761;Baris;x
PROV1762;Asyut;x
PROV1763;Bani Suwayf;x
PROV1764;Minya;x
PROV1765;Fayyum;x
PROV1766;Aswan;x
PROV1767;Luxor;x
PROV1768;Idfu;x
PROV1769;Qina;x
PROV1770;Qusayr;x
PROV1771;Marsa Alam;x
PROV1772;Ras Gharib;x
PROV1773;Aaiun;x
PROV1774;Dakhla;x
PROV1775;Nouakchott;x
PROV1776;Rosso;x
PROV1777;Aleg;x
PROV1778;Maghama;x
PROV1779;Shingit;x
PROV1780;Tichit;x
PROV1781;al-Malikiyah;x
PROV1782;Bir Murghayn;x
PROV1783;Dakar;x
PROV1784;Saint-Louis;x
PROV1785;Banjul;x
PROV1786;Linguere;x
PROV1787;Diourbel;x
PROV1788;Kaolack;x
PROV1789;Podor;x
PROV1790;Matam;x
PROV1791;Bakel;x
PROV1792;Ziguinchor;x
PROV1793;Velingara;x
PROV1794;Bamako;x
PROV1795;Kayes;x
PROV1796;Nioro;x
PROV1797;Kita;x
PROV1798;Bougouni;x
PROV1799;Sikasso;x
PROV1800;Segu;x
PROV1801;Mourdiah;x
PROV1802;Jenne;x
PROV1803;Timbuktu;x
PROV1804;Bandiagara;x
PROV1805;Gao;x
PROV1806;Taoudenni;x
PROV1807;Tessalit;x
PROV1808;Niamey;x
PROV1809;Say;x
PROV1810;Dosso;x
PROV1811;Tibiri;x
PROV1812;Agades;x
PROV1813;Cavaillon;x
PROV1814;Madama;x
PROV1815;Zinder;x
PROV1816;Kufe;x
PROV1817;Mellit;x
PROV1818;Massenya;x
PROV1819;Moundou;x
PROV1820;Bongor;x
PROV1821;Abeche;x
PROV1822;Am Timan;x
PROV1823;Mongo;x
PROV1824;Mao;x
PROV1825;Zouar;x
PROV1826;Faya;x
PROV1827;Khartoum;x
PROV1828;Wad Madani;x
PROV1829;Kassala;x
PROV1830;Sennar;x
PROV1831;Rabak;x
PROV1832;Fashoda;x
PROV1833;Suakin;x
PROV1834;Halaib;x
PROV1835;Dongola;x
PROV1836;Hayya;x
PROV1837;Atbara;x
PROV1838;Obeid;x
PROV1839;Fulah;x
PROV1840;Kaduqli;x
PROV1841;Fasher;x
PROV1842;Junaynah;x
PROV1843;Waw;x
PROV1844;Bor;x
PROV1845;Yambio;x
PROV1846;Lado;x
PROV1847;Kapoeta;x
PROV1848;Asmara;x
PROV1849;Massawa;x
PROV1850;Akordat;x
PROV1851;Assab;x
PROV1852;Gonder;x
PROV1853;Dessie;x
PROV1854;Matamma;x
PROV1855;Debre Markos;x
PROV1856;Aksum;x
PROV1857;Antalo;x
PROV1858;Awsa;x
PROV1859;Ankober;x
PROV1860;Awasa;x
PROV1861;Aselia;x
PROV1862;Bonga;x
PROV1863;Asosa;x
PROV1864;Negele;x
PROV1865;Harer;x
PROV1866;Goba;x
PROV1867;Werder;x
PROV1868;Mogadishu;x
PROV1869;Baidoa;x
PROV1870;Kismayo;x
PROV1871;Hobyo;x
PROV1872;Bosaso;x
PROV1873;Berbera;x
PROV1874;Zeyla;x
PROV1875;Djibuti;x
PROV1876;Cape Verde;x
PROV1877;Bissau;x
PROV1878;Gabu;x
PROV1879;Boffa;x
PROV1880;Timbo;x
PROV1881;Dinguiraye;x
PROV1882;Kankan;x
PROV1883;Beyla;x
PROV1884;Freetown;x
PROV1885;Falaba;x
PROV1886;Bo;x
PROV1887;Monrovia;x
PROV1888;Harper;x
PROV1889;Bopolu;x
PROV1890;Gbarnga;x
PROV1891;Zwedru;x
PROV1892;Grand Lahou;x
PROV1893;Sassandra;x
PROV1894;Grand Bassam;x
PROV1895;Bouake;x
PROV1896;Man;x
PROV1897;Akoupe;x
PROV1898;Kong;x
PROV1899;Bondouku;x
PROV1900;Odienne;x
PROV1901;Wagadugu;x
PROV1902;Wahiguya;x
PROV1903;Dori;x
PROV1904;Fada Ngourma;x
PROV1905;Bobo Dioulasso;x
PROV1906;Orodaro;x
PROV1907;Accra;x
PROV1908;Cape Coast;x
PROV1909;Sekondi;x
PROV1910;Kumasi;x
PROV1911;Kintampo;x
PROV1912;Wa;x
PROV1913;Tamale;x
PROV1914;Lome;x
PROV1915;Ho;x
PROV1916;Yendi;x
PROV1917;Atakpame;x
PROV1918;Sokode;x
PROV1919;Cotonou;x
PROV1920;Abomey;x
PROV1921;Nikki;x
PROV1922;Jugu;x
PROV1923;Lagos;x
PROV1924;Abeokuta;x
PROV1925;Ibadan;x
PROV1926;Ife;x
PROV1927;Ilorin;x
PROV1928;Benin;x
PROV1929;Akure;x
PROV1930;Lokoja;x
PROV1931;Warri;x
PROV1932;Bonny;x
PROV1933;Awka;x
PROV1934;Calabar;x
PROV1935;Aruchukwu;x
PROV1936;Makurdi;x
PROV1937;Tukari;x
PROV1938;Bussa;x
PROV1939;Zaria;x
PROV1940;Bida;x
PROV1941;Abuja;x
PROV1942;Bauchi;x
PROV1943;Jos;x
PROV1944;Gombe;x
PROV1945;Kano;x
PROV1946;Kebbi;x
PROV1947;Katsina;x
PROV1948;Sokoto;x
PROV1949;Hadejia;x
PROV1950;Yola;x
PROV1951;Kuka;x
PROV1952;Nguru;x
PROV1953;Dikoa;x
PROV1954;Săo Tomé;x
PROV1955;Fernando Pó;x
PROV1956;Douala;x
PROV1957;Buea;x
PROV1958;Kribi;x
PROV1959;Yaounde;x
PROV1960;Bafoussam;x
PROV1961;Bamenda;x
PROV1962;Bertoua;x
PROV1963;Ngaoundere;x
PROV1964;Maroua;x
PROV1965;Bangui;x
PROV1966;Nola;x
PROV1967;Bouar;x
PROV1968;Bossangoa;x
PROV1969;Zemio;x
PROV1970;Bangassou;x
PROV1971;Ndele;x
PROV1972;Libreville;x
PROV1973;Bata;x
PROV1974;Mayumbe;x
PROV1975;Moanda;x
PROV1976;Makokou;x
PROV1977;Nkuna;x
PROV1978;Madingou;x
PROV1979;Biloka;x
PROV1980;Djambala;x
PROV1981;Impfondo;x
PROV1982;Kinshasa;x
PROV1983;Boma;x
PROV1984;Kananga;x
PROV1985;Kumbana;x
PROV1986;Lusambo;x
PROV1987;Bunkeya;x
PROV1988;Mussumba;x
PROV1989;Munza;x
PROV1990;Nyangwe;x
PROV1991;Uvira;x
PROV1992;Basoko;x
PROV1993;Irebu;x
PROV1994;Nsheng;x
PROV1995;Gemena;x
PROV1996;Kisangani;x
PROV1997;Mungbane;x
PROV1998;Baramo;x
PROV1999;Luanda;x
PROV2000;Cabinda;x
PROV2001;Mbanza;x
PROV2002;Quibala;x
PROV2003;Benguela;x
PROV2004;Moçâmedes;x
PROV2005;Huambo;x
PROV2006;Kuito;x
PROV2007;Mavinga;x
PROV2008;Ondjiva;x
PROV2009;Malanje;x
PROV2010;Saurimo;x
PROV2011;Kubanda;x
PROV2012;Lusaka;x
PROV2013;Mongu;x
PROV2014;Kasempa;x
PROV2015;Monzo;x
PROV2016;Kazembe;x
PROV2017;Kasema;x
PROV2018;Chipata;x
PROV2019;Entebbe;x
PROV2020;Mbarara;x
PROV2021;Masindi;x
PROV2022;Kitgum;x
PROV2023;Jinja;x
PROV2024;Nairobi;x
PROV2025;Marsabit;x
PROV2026;Lodwar;x
PROV2027;Nakuru;x
PROV2028;Kisumu;x
PROV2029;Mombasa;x
PROV2030;Lamu;x
PROV2031;Wajir;x
PROV2032;Garissa;x
PROV2033;Bunda;x
PROV2034;Kigali;x
PROV2035;Usumbura;x
PROV2036;Dar Es Salaam;x
PROV2037;Tanga;x
PROV2038;Kilwa;x
PROV2039;Lindi;x
PROV2040;Songea;x
PROV2041;Masasi;x
PROV2042;Iringa;x
PROV2043;Tabora;x
PROV2044;Mwanza;x
PROV2045;Morogoro;x
PROV2046;Ujiji;x
PROV2047;Arusha;x
PROV2048;Zanzibar;x
PROV2049;Lourenzo Marques;x
PROV2050;Mabote;x
PROV2051;Inhambane;x
PROV2052;Massekisse;x
PROV2053;Sena;x
PROV2054;Tete;x
PROV2055;Zumbo;x
PROV2056;Pemba;x
PROV2057;Sofala;x
PROV2058;Mossurize;x
PROV2059;Quelimane;x
PROV2060;Moçambique;x
PROV2061;Angoche;x
PROV2062;Shangzhou;x
PROV2063;Ibo;x
PROV2064;Nampula;x
PROV2065;Milange;x
PROV2066;Zomba;x
PROV2067;Lilongwe;x
PROV2068;Harare;x
PROV2069;Gweru;x
PROV2070;Gaza;x
PROV2071;Bulawayo;x
PROV2072;Hwange;x
PROV2073;Masvingo;x
PROV2074;Gaborone;x
PROV2075;Serowe;x
PROV2076;Nokaneng;x
PROV2077;Tsabong;x
PROV2078;Windhoek;x
PROV2079;Swakopmund;x
PROV2080;Tsumeb;x
PROV2081;Linyati;x
PROV2082;Otjinene;x
PROV2083;Walvis Bay;x
PROV2084;Angra Pequena;x
PROV2085;Nu-gouses;x
PROV2086;Karasburg;x
PROV2087;Cape Town;x
PROV2088;Springbok;x
PROV2089;Worcester;x
PROV2090;Swettenham;x
PROV2091;Mossel Bay;x
PROV2092;Beaufort;x
PROV2093;Calvinia;x
PROV2094;Kimberley;x
PROV2095;Dikathong;x
PROV2096;Port Elizabeth;x
PROV2097;Graaf Reinet;x
PROV2098;Bisho;x
PROV2099;Mathele;x
PROV2100;Umtata;x
PROV2101;Bloemfontein;x
PROV2102;Winburg;x
PROV2103;Philippolis;x
PROV2104;Thaba Bosiu;x
PROV2105;Pretoria;x
PROV2106;Witwatersrand;x
PROV2107;Klerksdorp;x
PROV2108;Mosega;x
PROV2109;Lydenburg;x
PROV2110;Thohoyandu;x
PROV2111;Durban;x
PROV2112;Ladysmith;x
PROV2113;Ulundi;x
PROV2114;Mbabane;x
PROV2115;Tananarive;x
PROV2116;Fianarantsoa;x
PROV2117;Ampanihy;x
PROV2118;Tolanaro;x
PROV2119;Toamasina;x
PROV2120;Antsiranana;x
PROV2121;Mahajanga;x
PROV2122;Toliara;x
PROV2123;Comoros;x
PROV2124;Kozen;x
PROV2125;Mauritius;x
PROV2126;Bourbon;x
PROV2127;Seychelles;x
PROV2128;Diego Garcia;x
PROV2129;Saint Helena;x
PROV2130;Ascension;x
PROV2131;Falkland Islands;x
PROV2132;Tristan da Cunha;x
PROV2133;Ghost Harbor;x
PROV2134;Azores;x
PROV2135;Madeira;x
PROV2136;Canary Islands;x
PROV2137;Hermosillo;x
PROV2138;Loreto;x
PROV2139;Rosarito;x
PROV2140;Nogales;x
PROV2141;Guaymas;x
PROV2142;Chihuahua;x
PROV2143;Paso del Norte;x
PROV2144;Delicias;x
PROV2145;Parral;x
PROV2146;Monterrey;x
PROV2147;Morelos;x
PROV2148;Reynosa;x
PROV2149;Matamoros;x
PROV2150;Ciudad Victoria;x
PROV2151;Saltillo;x
PROV2152;Monclova;x
PROV2153;Durango;x
PROV2154;Santa María del Oro;x
PROV2155;Torreón;x
PROV2156;Mazatlán;x
PROV2157;Culiacán;x
PROV2158;Zacatecas;x
PROV2159;San Luis Potosí;x
PROV2160;Aguascalientes;x
PROV2161;Tepic;x
PROV2162;Veracruz;x
PROV2163;Tampico;x
PROV2164;Minatitlán;x
PROV2165;Villahermosa;x
PROV2166;Guadalajara;x
PROV2167;Guanajuato;x
PROV2168;Puerto Vallarta;x
PROV2169;Colima;x
PROV2170;Morelia;x
PROV2171;Los Albańiles;x
PROV2172;Mexico City;x
PROV2173;Querétaro;x
PROV2174;Toluca;x
PROV2175;Tulancingo;x
PROV2176;Puebla;x
PROV2177;Oaxaca;x
PROV2178;Collataro;x
PROV2179;Acapulco;x
PROV2180;Chilpancingo;x
PROV2181;Tuxtla;x
PROV2182;Tapachula;x
PROV2183;Mérida;x
PROV2184;Campeche;x
PROV2185;Bacalar;x
PROV2186;Guatemala;x
PROV2187;Quetzaltenango;x
PROV2188;Puerto Barrios;x
PROV2189;Sayaxché;x
PROV2190;Belize;x
PROV2191;San Salvador;x
PROV2192;San Miguel;x
PROV2193;Comayagua;x
PROV2194;San Pedro Sula;x
PROV2195;La Ceiba;x
PROV2196;Puerto Lempira;x
PROV2197;Managua;x
PROV2198;Rivas;x
PROV2199;León;x
PROV2200;Bluefields;x
PROV2201;San José;x
PROV2202;Liberia;x
PROV2203;Limón;x
PROV2204;Panama City;x
PROV2205;David;x
PROV2206;Penonomé;x
PROV2207;Sainshand;x
PROV2208;Yaviza;x
PROV2209;Havana;x
PROV2210;Jagua;x
PROV2211;Camagüey;x
PROV2212;Santiago de Cuba;x
PROV2213;Port Au Prince;x
PROV2214;Santo Domingo;x
PROV2215;Cap Haitien;x
PROV2216;La Vega;x
PROV2217;Jamaica;x
PROV2218;Tsushima;x
PROV2219;Bahamas;x
PROV2220;Obama;x
PROV2221;Nanjing;x
PROV2222;Puerto Rico;x
PROV2223;Saint Thomas;x
PROV2224;Oita;x
PROV2225;Chilga;x
PROV2226;Tortola;x
PROV2227;Saint Kitts;x
PROV2228;Martinique;x
PROV2229;Barbados;x
PROV2230;Guadeloupe;x
PROV2231;Saint Lucia;x
PROV2232;Dominica;x
PROV2233;Grenada;x
PROV2234;Curacao;x
PROV2235;Shimane;x
PROV2236;Saint Martin;x
PROV2237;Trinidad & Tobago;x
PROV2238;Kech;x
PROV2239;Georgetown;x
PROV2240;Paramaribo;x
PROV2241;Cayenne;x
PROV2242;Mahdia;x
PROV2243;Essequibo;x
PROV2244;Christmas Island;x
PROV2245;Apetina;x
PROV2246;Maripasoula;x
PROV2247;Bogotá;x
PROV2248;Ibagué;x
PROV2249;Tunja;x
PROV2250;Manizales;x
PROV2251;Cúcuta;x
PROV2252;Medellín;x
PROV2253;Quibdó;x
PROV2254;Cartagena de Indias;x
PROV2255;Barranquilla;x
PROV2256;Cali;x
PROV2257;Popayán;x
PROV2258;Buenaventura;x
PROV2259;Pasto;x
PROV2260;San José del Guaviare;x
PROV2261;Obando;x
PROV2262;Casanare;x
PROV2263;El Encanto;x
PROV2264;Caracas;x
PROV2265;Guanare;x
PROV2266;Calabozo;x
PROV2267;Cumaná;x
PROV2268;San Felipe;x
PROV2269;Güiria;x
PROV2270;Maracaibo;x
PROV2271;Valera;x
PROV2272;Coro;x
PROV2273;Barquisimeto;x
PROV2274;Barinas;x
PROV2275;Angostura;x
PROV2276;Curiapo;x
PROV2277;El Jobal;x
PROV2278;San Fernando de Atabapo;x
PROV2279;Quito;x
PROV2280;Guayaquil;x
PROV2281;Esmeraldas;x
PROV2282;Loja;x
PROV2283;Zamora;x
PROV2284;Tena;x
PROV2285;Galápagos;x
PROV2286;Iquitos;x
PROV2287;Yurimaguas;x
PROV2288;Yuncos;x
PROV2289;Puca Urco;x
PROV2290;Cajamarca;x
PROV2291;Piura;x
PROV2292;Trujillo;x
PROV2293;Huánuco;x
PROV2294;Moyobamba;x
PROV2295;Lima;x
PROV2296;Huancavelica;x
PROV2297;Ica;x
PROV2298;Huaraz;x
PROV2299;Ayacucho;x
PROV2300;Pucallpa;x
PROV2301;Puerto Maldonado;x
PROV2302;Cusco;x
PROV2303;Puno;x
PROV2304;Arequipa;x
PROV2305;Antofagasta;x
PROV2306;Sorocaba;x
PROV2307;Iquique;x
PROV2308;Arica;x
PROV2309;Calama;x
PROV2310;La Paz;x
PROV2311;Cochabamba;x
PROV2312;Oruro;x
PROV2313;Chuquisaca;x
PROV2314;Potosí;x
PROV2315;Tarija;x
PROV2316;Santa Cruz;x
PROV2317;San Ignacio;x
PROV2318;Roboré;x
PROV2319;Santa Ana;x
PROV2320;Riberalta;x
PROV2321;Cobija;x
PROV2322;Copiapó;x
PROV2323;La Serena;x
PROV2324;Santiago;x
PROV2325;Valparaíso;x
PROV2326;Vińa del Mar;x
PROV2327;Talca;x
PROV2328;Valdivia;x
PROV2329;Temuco;x
PROV2330;Cauquenes;x
PROV2331;Chillán;x
PROV2332;Osorno;x
PROV2333;Puerto Aisén;x
PROV2334;Punta Arenas;x
PROV2335;Porvenir;x
PROV2336;Easter Island;x
PROV2337;Fortin Falcon;x
PROV2338;Puerto Guaraní;x
PROV2339;Asuncion;x
PROV2340;Pilar;x
PROV2341;Encarnación;x
PROV2342;San Pedro;x
PROV2343;Concepción;x
PROV2344;Montevideo;x
PROV2345;Paysandú;x
PROV2346;Tacuarembó;x
PROV2347;Melo;x
PROV2348;Buenos Aires;x
PROV2349;Junín;x
PROV2350;Azul;x
PROV2351;La Plata;x
PROV2352;Mar del Plata;x
PROV2353;Trenque Lauquen;x
PROV2354;Bahía Blanca;x
PROV2355;Carmen;x
PROV2356;Corrientes;x
PROV2357;Curuzú Cuatiá;x
PROV2358;Santo Tomás;x
PROV2359;Colón;x
PROV2360;Paraná;x
PROV2361;Sancti Spiritu;x
PROV2362;Reconquista;x
PROV2363;Rosario;x
PROV2364;Resistencia;x
PROV2365;Villa Ángela;x
PROV2366;Formosa;x
PROV2367;Xolotas;x
PROV2368;Salta;x
PROV2369;Jujuy;x
PROV2370;Cochinoca;x
PROV2371;Mailín;x
PROV2372;Rivadavia;x
PROV2373;Tucumán;x
PROV2374;Catamarca;x
PROV2375;Vinchina;x
PROV2376;Santiago del Estero;x
PROV2377;Ańatuya;x
PROV2378;Ortelsburg;x
PROV2379;Córdoba de Argentina;x
PROV2380;Villa Nueva;x
PROV2381;Río Cuarto;x
PROV2382;Renancó;x
PROV2383;San Luis;x
PROV2384;Mercedes;x
PROV2385;La Rioja;x
PROV2386;Santa Rita;x
PROV2387;San Juan;x
PROV2388;Calingasta;x
PROV2389;Mendoza;x
PROV2390;San Rafael;x
PROV2391;Neuquén;x
PROV2392;Viedma;x
PROV2393;Telén;x
PROV2394;Bariloche;x
PROV2395;Curacó;x
PROV2396;Rawson;x
PROV2397;Esquel;x
PROV2398;Puerto Deseado;x
PROV2399;Río Gallegos;x
PROV2400;Río Grande;x
PROV2401;Marabitanas;x
PROV2402;Manaus;x
PROV2403;Cachoeira;x
PROV2404;Tefe;x
PROV2405;Borba;x
PROV2406;Cocos Islands;x
PROV2407;Tabatinga;x
PROV2408;Oriximina;x
PROV2409;Kohistan;x
PROV2410;Belém;x
PROV2411;Santarém;x
PROV2412;Óbidos;x
PROV2413;Marabá;x
PROV2414;Amapá;x
PROV2415;Macapá;x
PROV2416;Dourados;x
PROV2417;Vila Bela;x
PROV2418;Cuiabá;x
PROV2419;Corumbá;x
PROV2420;Iguatemi;x
PROV2421;Vila Boa;x
PROV2422;Aganja;x
PROV2423;Palmas;x
PROV2424;Săo Luís;x
PROV2425;Chapada;x
PROV2426;Teresina;x
PROV2427;Oeiras;x
PROV2428;Paraíba;x
PROV2429;Fortaleza;x
PROV2430;Crato;x
PROV2431;Natal;x
PROV2432;Recife;x
PROV2433;Cabrobo;x
PROV2434;Maceió;x
PROV2435;Aracaju;x
PROV2436;Salvador de Bahia;x
PROV2437;Juazeiro;x
PROV2438;Vila do Barra;x
PROV2439;Porto Seguro;x
PROV2440;Vitória da Conquista;x
PROV2441;Ouro Preto;x
PROV2442;Sabará;x
PROV2443;Januária;x
PROV2444;Paracatu;x
PROV2445;Uberaba;x
PROV2446;Săo Joăo del Rey;x
PROV2447;Rio de Janeiro;x
PROV2448;Campos;x
PROV2449;Vitória;x
PROV2450;Săo Paulo;x
PROV2451;Santos;x
PROV2452;Campinas;x
PROV2453;Assis;x
PROV2454;Fiji;x
PROV2455;Iguape;x
PROV2456;Araraquara;x
PROV2457;Curitiba;x
PROV2458;Guarapuava;x
PROV2459;Lajes;x
PROV2460;Castro;x
PROV2461;Desterro;x
PROV2462;Săo Miguel;x
PROV2463;Porto Alegre;x
PROV2464;Pelotas;x
PROV2465;Passo Fundo;x
PROV2466;Santa Maria;x
PROV2467;Alegrete;x
PROV2468;Sydney;x
PROV2469;Newcastle;x
PROV2470;Port Macquarie;x
PROV2471;Ophir;x
PROV2472;Eden;x
PROV2473;Wagga Wagga;x
PROV2474;Moree;x
PROV2475;Broken Hill;x
PROV2476;Melbourne;x
PROV2477;Warmambool;x
PROV2478;Ballarat;x
PROV2479;Sale;x
PROV2480;Beechworth;x
PROV2481;Swan Hill;x
PROV2482;Tasmania;x
PROV2483;Brisbane;x
PROV2484;Gladstone;x
PROV2485;Clermont;x
PROV2486;Toowoomba;x
PROV2487;Townsville;x
PROV2488;Cooktown;x
PROV2489;Longreach;x
PROV2490;Charleville;x
PROV2491;Adelaide;x
PROV2492;Port Lincoln;x
PROV2493;Robe;x
PROV2494;Port Augusta;x
PROV2495;Oodnadatta;x
PROV2496;Tarcoola;x
PROV2497;Perth;x
PROV2498;Kojonup;x
PROV2499;Geraldton;x
PROV2500;Kalgoorlie;x
PROV2501;Broome;x
PROV2502;Dampier;x
PROV2503;Hyogo;x
PROV2504;Esperance;x
PROV2505;Palmerston;x
PROV2506;Tennant Creek;x
PROV2507;Alice Springs;x
PROV2508;Norfolk Island;x
PROV2509;Auckland;x
PROV2510;New Plymouth;x
PROV2511;Napier;x
PROV2512;Wellington;x
PROV2513;Dunedin;x
PROV2514;Hokitika;x
PROV2515;Christchurch;x
PROV2516;Nelson;x
PROV2517;Guam;x
PROV2518;Palau;x
PROV2519;Yap;x
PROV2520;Taveuni;x
PROV2521;Saipan;x
PROV2522;Marshall Islands;x
PROV2523;Nauru;x
PROV2524;Wake;x
PROV2525;Marcus;x
PROV2526;Palmyra;x
PROV2527;Gilbert Islands;x
PROV2528;Port Moresby;x
PROV2529;Kerema;x
PROV2530;Lae;x
PROV2531;Madang;x
PROV2532;Forte Săo Joaquim;x
PROV2533;Targu Mures;x
PROV2534;Solomon Islands;x
PROV2535;New Hebrides;x
PROV2536;Santa Cruz Islands;x
PROV2537;New Britain;x
PROV2538;Novi Sad;x
PROV2539;Bougainville;x
PROV2540;Tonga;x
PROV2541;Ellice Islands;x
PROV2542;Wallis and Futuna;x
PROV2543;Apia;x
PROV2544;Pago Pago;x
PROV2545;Rarotonga;x
PROV2546;Tongareva;x
PROV2547;Tokelau;x
PROV2548;Niue;x
PROV2549;Tarauacá;x
PROV2550;Forte do Príncipe;x
PROV2551;Marquesas;x
PROV2552;Pitcairn;x
PROV2553;Tuamotus;x
PROV2554;Posadas;x
PROV2555;Augusta;x
PROV2556;Asheville;x
PROV2557;Esbjerg;x
PROV2558;De Aar;x
PROV2559;Suhaj;x
PROV2560;Darmstadt;x
PROV2561;Siegburg;x
PROV2562;Tainan;x
PROV2563;Safi;x
PROV2564;Salima;x
PROV2565;Cebu;x
PROV2566;Agartala;x
PROV2567;Gaeta;x
PROV2568;Lugano;x
PROV2569;Niksic;x
PROV2570;Beauvais;x
PROV2571;Tauranga;x
PROV2572;Nan;x
PROV2573;Mboul;x
PROV2574;Mochudi;x
PROV2575;Ipoh;x
PROV2576;Natuna;x
PROV2577;Pljevlja;x
PROV2578;Tacna;x
PROV2579;Truk;x
PROV2580;Stara Ladoga;x
PROV2581;Mataka;x
PROV2582;Kotor;x
PROV2583;Cetinje;x
PROV2584;Bielsko;x
PROV2585;Kufra;x
PROV2586;Rub'al-Khali;x
PROV2587;Kola;x
PROV2588;Onega;x
PROV2589;Faryab;x
PROV2590;Abivard;x
PROV2591;Holsteinsborg;x
PROV2592;Ungava;x
PROV2593;Fort George;x
PROV2594;Pickle;x
PROV2595;Nunavut;x
PROV2596;Pescara;x
PROV2597;Fort Vermilion;x
PROV2598;Benevento;x
PROV2599;Fairbanks;x
PROV2600;Altamira;x
PROV2601;Sandy Desert;x
PROV2602;Roebourne;x
PROV2603;Tanami;x
PROV2604;Normanton;x
PROV2605;Gibson's Desert;x
PROV2606;Zhambyl;x
PROV2607;Lop Nur;x
PROV2608;Khatgal;x
PROV2609;Araouane;x
PROV2610;Uralsk;x
PROV2611;Turgay;x
PROV2612;Aktash;x
PROV2613;Nyda;x
PROV2614;Mordiyakha;x
PROV2615;Guangzhouwan;x
PROV2616;Baghran;x
PROV2617;Saghalian Oula;x
PROV2618;Panjeh;x
PROV2619;Chincha Islands;x
PROV2620;Syasir;x
PROV2621;Tonghua;x
PROV2622;Markovo;x
PROV2623;Midway Island;x
PROV2624;Loango;x
PROV2625;Port Hope Simpson;x
PROV2626;Mandor;x
PROV2627;Fort Chimo;x
PROV2628;Attawapiskat;x
PROV2629;Sambas;x
PROV2630;Cordova;x
PROV2631;Unalakeet;x
PROV2632;Orumiyeh;x
PROV2633;Gwadar;x
PROV2634;Rassvet;x
PROV2635;Kariba;x
PROV2636;Egedesminde;x
PROV2637;Novo Mariinsk;x
PROV2638;Laristan;x
PROV2639;Susuman;x
PROV2640;Khasab;x
PROV2641;Ayan;x
PROV2642;Zaranj;x
PROV2643;Honuu;x
PROV2644;Dushanbe Qurghom;x
PROV2645;Chilchi;x
PROV2646;Nuhud;x
PROV2647;Jiroft;x
PROV2648;Yakutsk;x
PROV2649;Zhigansk;x
PROV2650;Nyurba;x
PROV2651;Udanchniy;x
PROV2652;Kular;x
PROV2653;Saskylah;x
PROV2654;Khatanga;x
PROV2655;Sari Pul;x
PROV2656;Tayimba;x
PROV2657;Svetlogorsk;x
PROV2658;Kheta;x
PROV2659;Tientsin;x
PROV2660;Zabul;x
PROV2661;Jixi;x
PROV2662;Cherskiy;x
PROV2663;Gonabad;x
PROV2664;Oyotuni;x
PROV2665;Chokurdakh;x
PROV2666;AI English Channel Bridge;x
PROV2667;Gharm;x
PROV2668;Verkhoyansk;x
PROV2669;Qaleh-ye Wamar;x
PROV2670;Tiksi;x
PROV2671;Eirunepé;x
PROV2672;Pokrovsk;x
PROV2673;Daqing;x
PROV2674;Tangshan;x
PROV2675;Yekonda;x
PROV2676;Kirensk;x
PROV2677;Ak-Mechet;x
PROV2678;Bulgan;x
PROV2679;Khovd;x
PROV2680;Ghur;x
PROV2681;Kikkiakki;x
PROV2682;Aksarka;x
PROV2683;al-Salman;x
PROV2684;Rzeszow;x
PROV2685;Muzhi;x
PROV2686;Ishim;x
PROV2687;Juu Ud Chuulghan;x
PROV2688;Inta;x
PROV2689;Mulda;x
PROV2690;Manifa;x
PROV2691;Vorgovo;x
PROV2692;Sumy;x
PROV2693;Rezekne;x
PROV2694;Vanavara;x
PROV2695;Baikit;x
PROV2696;Aldan;x
PROV2697;Magdagachi;x
PROV2698;Slavgorod;x
PROV2699;Najaf;x
PROV2700;Usogorsk;x
PROV2701;Hong Kong Island;x
PROV2702;Aralsk;x
PROV2703;Vänern;x
PROV2704;Vättern;x
PROV2705;Gulf of Bothnia;x
PROV2706;Ĺlands Hav;x
PROV2707;Gulf of Finland;x
PROV2708;Western Baltic Sea;x
PROV2709;Gulf of Riga;x
PROV2710;Southern Baltic Sea;x
PROV2711;Öresund;x
PROV2712;Kattegat;x
PROV2713;Peipsi Järv;x
PROV2714;Ladoga;x
PROV2715;Onega;x
PROV2716;White Sea;x
PROV2717;Lofoten Sea;x
PROV2718;Northern Norwegian Sea;x
PROV2719;Southern Norwegian Sea;x
PROV2720;Skagerrack;x
PROV2721;Helgoland Bight;x
PROV2722;Coast of Holland;x
PROV2723;Dogger Bank;x
PROV2724;Straits of Dover;x
PROV2725;The Channel;x
PROV2726;Lands End;x
PROV2727;Coast of Britanny;x
PROV2728;Quiberon Bay;x
PROV2729;Cote D'Argent;x
PROV2730;Bay of Biscay;x
PROV2731;Cantabrian Sea;x
PROV2732;Tyne;x
PROV2733;Firth of Forth;x
PROV2734;The North Sea;x
PROV2735;Moray Firth;x
PROV2736;North Channel;x
PROV2737;Irish Sea;x
PROV2738;St. George's Channel;x
PROV2739;Donegal Bay;x
PROV2740;Dingle Bay;x
PROV2741;Celtic Sea;x
PROV2742;Western Approaches;x
PROV2743;Finisterre Bay;x
PROV2744;Lusitanian Sea;x
PROV2745;Gulf of Cadiz;x
PROV2746;Straits of Gibraltar;x
PROV2747;Gulf of Almería;x
PROV2748;Gulf of Valencia;x
PROV2749;Gulf of Lion;x
PROV2750;Cote D'Azur;x
PROV2751;Ligurian Sea;x
PROV2752;Gulf of Mallorca;x
PROV2753;Western Mediterranean;x
PROV2754;Barbary Coast;x
PROV2755;Cape Bon;x
PROV2756;Tyrrhenian Sea;x
PROV2757;Bay of Naples;x
PROV2758;Strait of Bonifacio;x
PROV2759;Gulf of Gabes;x
PROV2760;Straits of Messina;x
PROV2761;Gulf of Venice;x
PROV2762;Adriatic Sea;x
PROV2763;Straits of Otranto;x
PROV2764;Gulf of Sirte;x
PROV2765;Ionian Sea;x
PROV2766;Libyan Sea;x
PROV2767;Gulf of Tobruk;x
PROV2768;Bay of Alexandria;x
PROV2769;Palestinian Coast;x
PROV2770;Gulf of Cyprus;x
PROV2771;Sea of Crete;x
PROV2772;Aegean Sea;x
PROV2773;Sea of Marmara;x
PROV2774;Western Black Sea;x
PROV2775;Central Black Sea;x
PROV2776;Sea of Azov;x
PROV2777;Eastern Black Sea;x
PROV2778;Lake Balaton;x
PROV2779;Caspian Sea;x
PROV2780;Aral Sea;x
PROV2781;Gulf of Suez;x
PROV2782;Red Sea;x
PROV2783;Straits of Obokk;x
PROV2784;Bal el Mandeb;x
PROV2785;Coast of Mascate;x
PROV2786;Mascate Coast;x
PROV2787;Straits of Hormuz;x
PROV2788;Persian Gulf;x
PROV2789;Gulf of Indus;x
PROV2790;Gulf of Gujarat;x
PROV2791;Laquedive Islands;x
PROV2792;Coast of Malabar;x
PROV2793;Comorin Cape;x
PROV2794;Coast of Caramandel;x
PROV2795;Coast of Orissa;x
PROV2796;Ganges Delta;x
PROV2797;Akyab Bay;x
PROV2798;Irrawady Delta;x
PROV2799;Andaman Sea;x
PROV2800;Mergui Archipelago;x
PROV2801;Straits of Malacca;x
PROV2802;Nicobar Isles;x
PROV2803;Coast of Atjeh;x
PROV2804;Coast of Sumatra;x
PROV2805;Sunda Strait;x
PROV2806;Coast of Java;x
PROV2807;Coast of Surabaya;x
PROV2808;Straits of Lombok;x
PROV2809;Timor Sea;x
PROV2810;The Moluccas;x
PROV2811;Java Sea;x
PROV2812;Straits of Makassar;x
PROV2813;Karimata Strait;x
PROV2814;Straits of Johore;x
PROV2815;Malayan Sea;x
PROV2816;Coast of Sarawak;x
PROV2817;Mekong Delta;x
PROV2818;Gulf of Siam;x
PROV2819;Cam Ranh Bay;x
PROV2820;South China Sea;x
PROV2821;Coast of Brunei;x
PROV2822;Coast of Annam;x
PROV2823;Gulf of Tonkin;x
PROV2824;Guangzhou Bay;x
PROV2825;Taiwan Strait;x
PROV2826;Yang Tse Delta;x
PROV2827;Yellow Sea;x
PROV2828;Korea Bay;x
PROV2829;South Korean Sea;x
PROV2830;North Korean Sea;x
PROV2831;Coast of Olga;x
PROV2832;Tatar Straits;x
PROV2833;Amur Delta;x
PROV2834;Bay of Ayan;x
PROV2835;Bay of Komenskoie;x
PROV2836;Coast of Kamchatska;x
PROV2837;Okhotsk Sea;x
PROV2838;Coast of Sakhalin;x
PROV2839;Soya Strait;x
PROV2840;Tsugaru Strait;x
PROV2841;Sea of Japan;x
PROV2842;Amakusa Sea;x
PROV2843;Shikoku Coast;x
PROV2844;Tokai Sea;x
PROV2845;Ryukyu Islands;x
PROV2846;Luzon Strait;x
PROV2847;Paracel Islands;x
PROV2848;Manila Bay;x
PROV2849;Coast of Luzon;x
PROV2850;Gulf of Leyte;x
PROV2851;Sulu Sea;x
PROV2852;Sea of Celebes;x
PROV2853;Sea of Ternate;x
PROV2854;Sea of Banda;x
PROV2855;Philippine Sea;x
PROV2856;Palau Islands;x
PROV2857;Biak Bay;x
PROV2858;Vilian Strait;x
PROV2859;Trobrian Islands;x
PROV2860;Torres Strait;x
PROV2861;Arafuam Sea;x
PROV2862;Kolepom Bay;x
PROV2863;Gulf of Carpentaria;x
PROV2864;Great Barrier Reef;x
PROV2865;Capricorn Bay;x
PROV2866;Cape Howe;x
PROV2867;Bass Strait;x
PROV2868;Kangaroo Island;x
PROV2869;Great Australian Bight;x
PROV2870;Cape Leeuwin;x
PROV2871;Shark Bay;x
PROV2872;Northwest Cape;x
PROV2873;King Sound;x
PROV2874;Tasman Plateau;x
PROV2875;Toogee Ridge;x
PROV2876;Cook Strait;x
PROV2877;Northern Tasman Sea;x
PROV2878;Cape Farewell;x
PROV2879;Coast of New Zealand;x
PROV2880;Southern Tasman Sea;x
PROV2881;Canterbury Bight;x
PROV2882;New Caledonian Sea;x
PROV2883;Coral Sea;x
PROV2884;Gilbert Sea;x
PROV2885;Solomon Sea;x
PROV2886;Nauru Island;x
PROV2887;Melanesia Sea;x
PROV2888;Micronesia Sea;x
PROV2889;Philippine Trench;x
PROV2890;Philippine Basin;x
PROV2891;Tinian Sea;x
PROV2892;Iwo Jima Sea;x
PROV2893;Taihei Ocean;x
PROV2894;The Kuriles;x
PROV2895;Bay of Uka;x
PROV2896;Bay of Oljut;x
PROV2897;Bay of Anadyr;x
PROV2898;Yekaterina Plains;x
PROV2899;Horn of Africa;x
PROV2900;Coast of Pepper;x
PROV2901;Zanzibar Strait;x
PROV2902;Mozambique Channel;x
PROV2903;Diego Suarez Bay;x
PROV2904;Western Arabian Sea;x
PROV2905;Eastern Arabian Sea;x
PROV2906;The Seychelles;x
PROV2907;Coast of Tamatave;x
PROV2908;The Mascareignes;x
PROV2909;Gulf of Zambeze;x
PROV2910;Coast of Natal;x
PROV2911;Coast of Transkei;x
PROV2912;Coast of Ciskei;x
PROV2913;Cape of Good Hope;x
PROV2914;Coast of Namibia;x
PROV2915;Coast of Angola;x
PROV2916;Gulf of Kongo;x
PROV2917;Coast of Cameroon;x
PROV2918;Bight of Benin;x
PROV2919;Gold Coast;x
PROV2920;Ivory Coast;x
PROV2921;Coast of Guinea;x
PROV2922;Coast of Senegambia;x
PROV2923;Mauritanian Coast;x
PROV2924;Canarian Sea;x
PROV2925;Coast of Morocco;x
PROV2926;Jan Mayen Sea;x
PROV2927;Spitzberg Sea;x
PROV2928;Icelandic Sea;x
PROV2929;Shetland Straits;x
PROV2930;Coast of Iceland;x
PROV2931;Northeastern Atlantic;x
PROV2932;Rockall;x
PROV2933;Denmark Strait;x
PROV2934;Eastern Coast of Greenland;x
PROV2935;Western Coast of Greenland;x
PROV2936;Labrador Strait;x
PROV2937;Baffin Bay;x
PROV2938;Hudson Straits;x
PROV2939;James Bay;x
PROV2940;Western Hudson Bay;x
PROV2941;Eastern Hudson Bay;x
PROV2942;Foxe Basin;x
PROV2943;Gulf of St. Lawrence;x
PROV2944;Cabot Strait;x
PROV2945;Bay of Fundy;x
PROV2946;Strait of Belle Isle;x
PROV2947;Fortune Bay;x
PROV2948;Notre Dame Bay;x
PROV2949;Labrador Sea;x
PROV2950;Greenland Sea;x
PROV2951;Hecala Seamount;x
PROV2952;Massachusetts Bay;x
PROV2953;Chesapeake Bay;x
PROV2954;Cape Hatteras;x
PROV2955;Coast of Carolina;x
PROV2956;Coast of Florida;x
PROV2957;Coast of the Bahamas;x
PROV2958;Florida Straits;x
PROV2959;Apalachee Bay;x
PROV2960;Mobile Bay;x
PROV2961;Galveston Bay;x
PROV2962;Tampico Bay;x
PROV2963;Yucatan Sea;x
PROV2964;Gulf of Mexico;x
PROV2965;Seto Inland Sea;x
PROV2966;Belize Bay;x
PROV2967;Mosquito Coast;x
PROV2968;Gulf of Darien;x
PROV2969;Jamaica Channel;x
PROV2970;Central Caribbean;x
PROV2971;Northwestern Caribbean;x
PROV2972;Venezuelan Gulf;x
PROV2973;Venezuelan Sea;x
PROV2974;Eastern Caribbean;x
PROV2975;Windward Islands;x
PROV2976;Lesser Antilles;x
PROV2977;Turks & Caicos Sea;x
PROV2978;Coast of Cuba;x
PROV2979;Coast of Hispaniola;x
PROV2980;Guyana Coast;x
PROV2981;Coast of Amapá;x
PROV2982;Amazonas Gulf;x
PROV2983;Coast of Brazil;x
PROV2984;Coast of Recife;x
PROV2985;Coast of Pernambuco;x
PROV2986;Todos os Santos Bay;x
PROV2987;Rio De Janeiro;x
PROV2988;Baia Paranaguá;x
PROV2989;Rio De La Plata;x
PROV2990;Bahia Blanca;x
PROV2991;Coast of Patagonia;x
PROV2992;Magellan Strait;x
PROV2993;South Chilean Coast;x
PROV2994;Coast of Chile;x
PROV2995;Atacama Coast;x
PROV2996;Antofagasta Coast;x
PROV2997;Arequipa Bay;x
PROV2998;Coast of Peru;x
PROV2999;Guayaquil Bay;x
PROV3000;Coast of Ecuador;x
PROV3001;Gulf of Panama;x
PROV3002;Bay of Costa Rica;x
PROV3003;Acapulco Bay;x
PROV3004;Manzanilla Bay;x
PROV3005;Mazatlan Bay;x
PROV3006;Gulf of California;x
PROV3007;Coast of Baja;x
PROV3008;Coast of California;x
PROV3009;Santa Catalina Islands;x
PROV3010;Coast of Oregon;x
PROV3011;Coast of Columbia;x
PROV3012;Hecate Strait;x
PROV3013;Gulf of Alaska;x
PROV3014;Coast of Alaska;x
PROV3015;Kuskowim Bay;x
PROV3016;Hatton Bank;x
PROV3017;Eastern Gibbs Fracture;x
PROV3018;Western Gibbs Fracture;x
PROV3019;Iberian Shelf;x
PROV3020;Sea of Azores;x
PROV3021;Corner Seamounts;x
PROV3022;New England Seamounts;x
PROV3023;Sable Island Bank;x
PROV3024;Blake Plateau;x
PROV3025;West Bermuda Sea;x
PROV3026;East Bermuda Sea;x
PROV3027;Canary Current;x
PROV3028;Northern Guiana Basin;x
PROV3029;Guiana Basin;x
PROV3030;Southern Guiana Basin;x
PROV3031;Canary Approach;x
PROV3032;Cape Verde Approach;x
PROV3033;Cruiser Tablemount;x
PROV3034;Barracuda Fracture Zone;x
PROV3035;Eastern Sargasso Sea;x
PROV3036;Central Sargasso Sea;x
PROV3037;Romanche Gap;x
PROV3038;East Guinea Basin;x
PROV3039;West Guinea Basin;x
PROV3040;Argentine Sea;x
PROV3041;Argentine Rise;x
PROV3042;Cornet Bank;x
PROV3043;Vema Channel;x
PROV3044;South Brazil Basin;x
PROV3045;Zapiola Plain;x
PROV3046;Argentine Basin;x
PROV3047;Falkland Plateau;x
PROV3048;Coast of Falklands;x
PROV3049;Fernando de Noronha Islands;x
PROV3050;North Brazil Basin;x
PROV3051;Sierra Leone Basin;x
PROV3052;Martin Vaz Ridge;x
PROV3053;West Coast of Ascension;x
PROV3054;East Coast of Ascension;x
PROV3055;Walvis Ridge;x
PROV3056;Cape Plain;x
PROV3057;Gough Island;x
PROV3058;Coast of Tristan da Cunha;x
PROV3059;San Marin Gap;x
PROV3060;South Sandwich Islands;x
PROV3061;Inaccessible Island;x
PROV3062;Bouvet Island;x
PROV3063;Cape of Storms;x
PROV3064;Gulf of Bengal;x
PROV3065;Northern Bay of Bengal;x
PROV3066;Southern Bay of Bengal;x
PROV3067;Ceylon Sea;x
PROV3068;Coast of Maldives;x
PROV3069;Eight Degree Channel;x
PROV3070;Madingley Rise;x
PROV3071;Arabian Basin;x
PROV3072;One and a Half Degree Channel;x
PROV3073;Chagos Archipelago;x
PROV3074;Cocos Basin;x
PROV3075;Southern Sumatra Trench;x
PROV3076;Coast of the Keelings;x
PROV3077;Java Trench;x
PROV3078;Prince Edward Islands;x
PROV3079;Del Cano Rise;x
PROV3080;Cape Sainte Marie;x
PROV3081;Crozet Island;x
PROV3082;Mascarene Plain;x
PROV3083;Rodrigues Island;x
PROV3084;Southwest Indian Basin;x
PROV3085;Kerguelen Islands;x
PROV3086;St. Paul Island;x
PROV3087;Broken Ridge;x
PROV3088;South Australian Basin;x
PROV3089;Egeria Fracture Zone;x
PROV3090;Argo Zone;x
PROV3091;Cuvier Basin;x
PROV3092;Wallaby Plateau;x
PROV3093;Ninety East Ridge;x
PROV3094;Roa Rise;x
PROV3095;Vening-Meinesz Seamounts;x
PROV3096;Wharton Basin;x
PROV3097;Northern Cocos Plateau;x
PROV3098;Southern Cocos Plateau;x
PROV3099;Amsterdam Island;x
PROV3100;Marie-Celeste Fracture Zone;x
PROV3101;Lake Tchad;x
PROV3102;Lake Victoria;x
PROV3103;Lake Tanganyika;x
PROV3104;Lake Malawi;x
PROV3105;Gulden-Draak Seamount;x
PROV3106;Lake Balchasj;x
PROV3107;Lake Bajkal;x
PROV3108;Lake Dongting;x
PROV3109;Lake Titicaca;x
PROV3110;Lake Nicaragua;x
PROV3111;Sedna Basin;x
PROV3112;Lake Ontario;x
PROV3113;Lake Erie;x
PROV3114;Lake Huron;x
PROV3115;Lake Michigan;x
PROV3116;Lake Superior;x
PROV3117;Lake Nipigon;x
PROV3118;Lake Winnipeg;x
PROV3119;Korskiyev Gulch;x
PROV3120;Orsova Bank;x
PROV3121;Novarsk Plain;x
PROV3122;Sorvskiya Plains;x
PROV3123;Yamara Gulch;x
PROV3124;Northwest Pacific Basin;x
PROV3125;Sevrance Shoals;x
PROV3126;Coast of Marcus Island;x
PROV3127;Coast of the Mariana Islands;x
PROV3128;Maysdale Flats;x
PROV3129;Izamo Drop;x
PROV3130;North Bering Sea;x
PROV3131;South Bering Sea;x
PROV3132;Western Aleutian Islands;x
PROV3133;Pribilof Islands;x
PROV3134;Eastern Aleutian Islands;x
PROV3135;Uminak Pass;x
PROV3136;Western Aleutian Sea;x
PROV3137;Baker Seamount;x
PROV3138;Alaska Plain;x
PROV3139;Eastern Aleutian Sea;x
PROV3140;Explorer Trench;x
PROV3141;Moonless Seamounts;x
PROV3142;Chinook Basin;x
PROV3143;Ulchi Basin;x
PROV3144;Jingu Basin;x
PROV3145;Chinook Trough;x
PROV3146;Stanley Seamount;x
PROV3147;Mendocino Escarpment;x
PROV3148;California Seamount;x
PROV3149;Murray Fracture Zone;x
PROV3150;Coast of Hawaii;x
PROV3151;Argo Seamount;x
PROV3152;Musicians Seamount;x
PROV3153;Coast of Midway Island;x
PROV3154;Kepler Plain;x
PROV3155;Galois Plain;x
PROV3156;O'Gorman Rise;x
PROV3157;Coast of the Galapagos Islands;x
PROV3158;Lapira Plains;x
PROV3159;Coast of the Cook Islands;x
PROV3160;Clipperton Island;x
PROV3161;Henderson Seamount;x
PROV3162;Madijera Ridge;x
PROV3163;Bauer Basin;x
PROV3164;Northeast Pacific Basin;x
PROV3165;Discoverer Seamount;x
PROV3166;Tasavulu Flats;x
PROV3167;Hawaiian Arch;x
PROV3168;Radford Basin;x
PROV3169;Northern Line Islands;x
PROV3170;Coast of the Society Islands;x
PROV3171;Peru Basin;x
PROV3172;Yupanqui Basin;x
PROV3173;Severance Plains;x
PROV3174;Altamira Plains;x
PROV3175;Southern Line Islands;x
PROV3176;Central Pacific Basin;x
PROV3177;Coast of Samoa;x
PROV3178;Johnston Atoll;x
PROV3179;Coast of Tonga;x
PROV3180;Coast of the Marquesas;x
PROV3181;Resolution Flats;x
PROV3182;Coast of the Tuamotus;x
PROV3183;Titus Ridge;x
PROV3184;Chatham Islands;x
PROV3185;Southwest Pacific Basin;x
PROV3186;Ludovico Gulch;x
PROV3187;Coast of Pitcairn Island;x
PROV3188;Rogeveen Basin;x
PROV3189;Menard Fracture Zone;x
PROV3190;Coast of Easter Island;x
PROV3191;Coast of the Ellice Islands;x
PROV3192;New Caledonia Basin;x
PROV3193;Juan Fernandez Islands;x
PROV3194;Selkirk Rise;x
PROV3195;Karasev Plains;x
PROV3196;Timkin Plain;x
PROV3197;Syrus Reef;x
PROV3198;Humboldt Plains;x
PROV3199;Valdivia Flats;x
PROV3200;Coast of South Georgia;x
PROV3201;Argentine Plain;x
PROV3202;Zapiola Seamount;x
PROV3203;West Coast of Saint Helena;x
PROV3204;Moore Fracture Zone;x
PROV3205;West Demerara Plain;x
PROV3206;East Demerara Plain;x
PROV3207;Cape Verde Basin;x
PROV3208;Nares Plain;x
PROV3209;Bahamas Basin;x
PROV3210;Western Sargasso Sea;x
PROV3211;Bermuda Approaches;x
PROV3212;Ceylon Plain;x
PROV3213;Sunda Trench;x
PROV3214;Northern Sumatra Trench;x
PROV3215;Central Indian Basin;x
PROV3216;Fiji Basin;x
PROV3217;Solace Flats;x
PROV3218;Pisaros Pass;x
PROV3219;Coast of Fiji;x
PROV3220;Coast of Norfolk Island;x
PROV3221;Coast of the Gilbert Islands;x
PROV3222;Mainu Reef;x
PROV3223;Tusei Bank;x
PROV3224;Lake Tana;x
PROV3225;Great Salt Lake;x
PROV3226;South Australian Plain;x
PROV3227;Great Slave Lake;x
PROV3228;Lake Athabasca;x
PROV3229;Reindeer Lake;x
PROV3230;Gulf of Ob;x
PROV3231;Lake Van;x
PROV3232;Lake Urmia;x
PROV3233;Issyk Kul;x
PROV3234;Qinghai Lake;x
PROV3235;Lake Poyang;x
PROV3236;Lake Rudolf;x
PROV3237;Sohm Plain;x
PROV3238;Lake Mweru;x
PROV3239;Lake Champlain;x
PROV3240;Lake Poopo;x
PROV3241;Arctic Ocean;x
PROV3242;Maury Sea Channel;x
PROV3243;Southeast Pacific Basin;x
PROV3244;Jaluit Passage;x
PROV3245;Markov Plains;x
PROV3246;Jan Mayen;x
PROV3247;West Hawaii;x
PROV3248;West Magellan Strait;x
PROV3249;Mar Chiquita;x
PROV3250;Namak Lake;x
ABU_1162;Abu Dhabi;x
ABU_1162;Trucial Coast;x
AFG_1071;Qataghan;x
AFG_1214;Herat;x
AFG_1214;Western Afghanistan;x
AFG_1217;Eastern Afghanistan;x
AFG_1217;Pashtunistan;x
ALD_1704;Tlemcen;x
ALD_1708;Constantine;x
ALD_1714;Sahara;x
ALD_1714;West Sahara;x
ANN_1371;Tonkin;x
ANN_1374;Annam;x
ANN_1383;Cochin China;x
ARG_2355;Buenos Aires;x
ARG_2357;Corrientes;x
ARG_2362;Chaco;x
ARG_2363;Córdoba;x
ARG_2363;Santa Fe;x
ARG_2368;Jujuy;x
ARG_2383;Cuyo;x
ARG_2384;La Pampa;x
ARG_2384;La Pampa;x
ARG_2391;Patagonia Septentrional;x
ARG_2391;Patagonia;x
AST_2244;Christmas & Cocos Islands;x
AST_2454;Fiji;x
AST_2527;Kiribati;x
AST_2528;Southern New Guinea;x
ATJ_1405;Aceh;x
AUS_612;Tirol-Steiermark;x
AUS_612;Tirol;x
AUS_619;Österreich;x
AUS_623;Transdanubia;x
AUS_625;Bohemia-Moravia;x
AUS_625;Bohemia;x
AUS_627;Sudetenland;x
AUS_633;Slovakia;x
AUS_633;Slovakia;x
AUS_637;Transcarpathia;x
AUS_641;Central Hungary;x
AUS_647;Alföld;x
AUS_647;Western Siebenbürgen;x
AUS_652;Banat;x
AUS_657;Eastern Siebenbürgen;x
AUS_688;Upper Silesia;x
AUS_702;Lodomeria;x
AUS_702;West Galicia;x
AUS_704;West Galicia;x
AUS_705;East Galicia;x
AUS_726;Lombardia;x
AUS_729;Venetia;x
AUS_729;Veneto;x
AUS_734;South Tirol;x
AUS_736;Istria;x
AUS_736;Istria;x
AUS_771;Croatia;x
AUS_771;Slovenia-Croatia;x
AUS_777;Slavonia;x
AUS_777;Vojvodina;x
AUS_780;Dalmatia;x
BAD_586;Baden;x
BAL_1438;Sunda Islands;x
BAV_596;Franconia;x
BAV_599;Bavaria;x
BAV_599;Bayern;x
BEL_1977;Bas-Congo;x
BEL_1984;Kasai;x
BEL_1987;Katanga;x
BEL_1990;Congo Orientale;x
BEL_1990;Kivu;x
BEL_1992;Equateur;x
BEL_1996;Congo Orientale;x
BEL_387;Brabant;x
BEL_387;Vlaanderen;x
BEL_388;Vlaanderen;x
BEL_394;Wallonie;x
BOL_2305;Atacama;x
BOL_2305;Potosí;x
BOL_2313;Potosí;x
BOL_2317;Santa Cruz;x
BOL_2321;La Paz;x
BRU_1394;North Borneo;x
BRZ_2306;Săo Paulo;x
BRZ_2401;Amazonas;x
BRZ_2401;Amazonas;x
BRZ_2410;Maranhăo;x
BRZ_2410;Pará;x
BRZ_2416;Mato Grosso;x
BRZ_2421;Goiás;x
BRZ_2424;Maranhăo;x
BRZ_2428;Pernambuco;x
BRZ_2436;Bahia;x
BRZ_2446;Minas Gerais;x
BRZ_2447;Rio de Janeiro;x
BRZ_2462;Paraná;x
BRZ_2467;Rio Grande do Sul;x
BUK_1207;Tajikistan;x
BUR_1330;Pegu;x
BUR_1334;Shan States;x
BUR_1339;Kachin;x
CHI_1082;Outer Manchuria;x
CHI_1086;Sakhalin;x
CHI_1472;North Anhui;x
CHI_1472;Northern Anhui;x
CHI_1473;South Anhui;x
CHI_1473;Southern Anhui;x
CHI_1481;Port Arthur;x
CHI_1490;Gansu;x
CHI_1493;East Guangdong;x
CHI_1496;Hong Kong & Macao;x
CHI_1499;Guangdong;x
CHI_1499;West Guangdong;x
CHI_1504;Guangxi;x
CHI_1511;West Henan;x
CHI_1512;East Henan;x
CHI_1516;Eastern Hubei;x
CHI_1523;Western Hubei;x
CHI_1527;South Hunan;x
CHI_1529;Hunan;x
CHI_1529;North Hunan;x
CHI_1532;Inner Mongolia;x
CHI_1536;North Jiangsu;x
CHI_1538;Shanghai;x
CHI_1539;Suzhou;x
CHI_1539;Zhejiang;x
CHI_1545;North Jiangxi;x
CHI_1547;South Jiangxi;x
CHI_1553;Manchuria;x
CHI_1553;North Manchuria;x
CHI_1555;South Manchuria;x
CHI_1557;Qinghai;x
CHI_1565;East Shangdong;x
CHI_1566;Qingdao;x
CHI_1569;Weihaiwei;x
CHI_1571;West Shangdong;x
CHI_1576;Shanxi;x
CHI_1577;Chongqing;x
CHI_1578;Sichuan;x
CHI_1600;Xinjiang;x
CHI_1601;Yunnan;x
CHI_1603;Guizhou;x
CHI_1607;Fujian;x
CHI_1613;North Zhili;x
CHI_1618;Northern Zhili;x
CHI_1618;South Zhili;x
CHI_2062;Ningxia;x
CHI_2062;Shaanxi;x
CHI_2221;South Jiangsu;x
CHI_2562;Formosa;x
CHI_2608;Mongolia;x
CHI_2615;Guangzhouwan;x
CHI_2659;Tientsin;x
CHL_2322;Santiago;x
CHL_2327;Los Ríos;x
CHL_2332;Araucania;x
CLM_1723;Panama;x
CLM_2247;Cundinamarca;x
CLM_2251;Antioquía;x
CLM_2262;Guaviare;x
DEN_251;Iceland & Greenland;x
DEN_367;Jylland;x
DEN_372;Sjaelland;x
ECU_2279;Ecuador;x
EGY_1737;Cyrenaica;x
EGY_1745;Cairo;x
EGY_1746;Sinai;x
EGY_1751;Alexandria;x
EGY_1754;El Wadi El Gedid;x
EGY_1754;Libya;x
EGY_1762;Middle Egypt;x
EGY_1762;Middle Egypt;x
EGY_1771;Upper Egypt;x
EGY_1827;Sudan;x
EGY_1827;Sudan;x
EGY_1833;Dongola;x
EGY_1838;Kordofan;x
EGY_1838;Kordofan;x
EGY_1842;Darfur;x
EGY_843;Aegean Islands;x
EGY_897;Syria-Lebanon;x
EGY_897;Syria;x
EGY_921;Palestine;x
ENG_1236;United Provinces;x
ENG_1236;Western Uttar Pradesh;x
ENG_1242;Eastern Uttar Pradesh;x
ENG_1247;Bihar;x
ENG_1251;South Bengal;x
ENG_1251;West Bengal;x
ENG_1254;Bangladesh;x
ENG_1258;Assam;x
ENG_1261;Orissa;x
ENG_1264;Rajputana;x
ENG_1275;Central India;x
ENG_1275;Madhya Pradesh;x
ENG_1291;Gujarat;x
ENG_1297;Bombay;x
ENG_1304;Madras;x
ENG_1305;Circars;x
ENG_1317;Travancore;x
ENG_1321;Ceylon;x
ENG_1343;Tenasserim;x
ENG_1384;Malaya;x
ENG_13;British Columbia;x
ENG_1818;Waddai;x
ENG_1825;Chad;x
ENG_1844;Equatoria;x
ENG_1848;Eritrea;x
ENG_1868;Somaliland;x
ENG_1887;Liberia;x
ENG_1956;South Cameroon;x
ENG_1960;North Cameroon;x
ENG_1979;Guayana;x
ENG_2014;Zambia;x
ENG_2016;Kazembe;x
ENG_2019;Uganda;x
ENG_2024;Kenya;x
ENG_2029;Zanzibar;x
ENG_2034;Tanganyika;x
ENG_2039;Lindi;x
ENG_203;Caribbean Islands;x
ENG_2068;Zambezi;x
ENG_2074;Botswana;x
ENG_2078;Hereroland;x
ENG_2083;Namaqualand;x
ENG_2087;Cape Colony;x
ENG_2088;Northern Cape;x
ENG_2096;Eastern Cape;x
ENG_2125;Indian Ocean Territory;x
ENG_2132;South Atlantic Islands;x
ENG_2224;West Indies;x
ENG_2228;Lesser Antilles;x
ENG_22;Alberta;x
ENG_2468;New South Wales;x
ENG_2476;Victoria;x
ENG_2483;Queensland;x
ENG_2491;South Australia;x
ENG_2497;Western Australia;x
ENG_2505;Northern Territory;x
ENG_2509;North Island;x
ENG_2513;South Island;x
ENG_254;Ulster;x
ENG_258;Connacht;x
ENG_260;Munster;x
ENG_263;Leinster-Connacht;x
ENG_263;Leinster;x
ENG_2666;English Channel Crossing;x
ENG_266;Highlands;x
ENG_271;Lowlands;x
ENG_273;Wales;x
ENG_277;North West England;x
ENG_280;North East England;x
ENG_280;Yorkshire;x
ENG_284;Midlands;x
ENG_284;West Midlands;x
ENG_288;East Midlands;x
ENG_291;Eastern Counties;x
ENG_294;South East England;x
ENG_296;South West England;x
ENG_30;Saskatchewan;x
ENG_36;Manitoba;x
ENG_46;Ontario;x
ENG_58;Quebec;x
ENG_68;New Brunswick;x
ENG_74;Newfoundland;x
ENG_9;Northwest Territories;x
ETH_1852;Amhara;x
ETH_1858;Afar;x
ETH_1859;Oromia;x
ETH_1862;Gambela;x
ETH_1867;Oromia;x
ETH_1867;Somali;x
FRA_1097;New Caledonia;x
FRA_1700;Algiers;x
FRA_1775;Mauritania;x
FRA_1783;Senegal;x
FRA_1788;Gambia;x
FRA_1798;Eastern Mali;x
FRA_1801;Western Mali;x
FRA_1803;Timbuktu;x
FRA_1808;Outer Hausaland;x
FRA_1808;Tillabéri;x
FRA_1811;Outer Hausaland;x
FRA_1816;Bornu;x
FRA_1879;Guinea;x
FRA_1884;Sierra Leone;x
FRA_1892;Ivory Coast;x
FRA_1893;Windward Coast;x
FRA_1901;Volta;x
FRA_1907;Ghana;x
FRA_1914;Togo;x
FRA_1919;Dahomey;x
FRA_1923;Yoruba States;x
FRA_1927;Hausaland;x
FRA_1930;Benin;x
FRA_1931;Niger Delta;x
FRA_1934;Biafra;x
FRA_1937;Nigeria;x
FRA_1939;East Hausaland;x
FRA_1939;Kano;x
FRA_1965;Ubangi-Shari;x
FRA_1972;Gabon;x
FRA_1978;Congo;x
FRA_399;Picardie;x
FRA_399;Picardie;x
FRA_404;Champagne;x
FRA_411;Franche-Comté;x
FRA_411;Lorraine;x
FRA_412;Alsace-Lorraine;x
FRA_412;Alsace;x
FRA_418;Normandie;x
FRA_420;Bretagne;x
FRA_425;Ile de France;x
FRA_428;Bourgogne;x
FRA_428;Bourgogne;x
FRA_435;Loire;x
FRA_438;Region Centre;x
FRA_445;Auvergne;x
FRA_445;Limousin;x
FRA_451;Rhone;x
FRA_455;Le Midi;x
FRA_458;Aquitaine;x
FRA_461;Languedoc;x
FRA_467;Provence;x
FRA_77;Saint Pierre and Miquelon;x
FRA_801;Taihiti;x
GER_2530;Northern New Guinea;x
GHO_2133;Ghostland;x
GRE_837;Attica-Peloponnese;x
GRE_837;Attica;x
HAI_2213;Hispaniola;x
HAN_534;Hannover;x
HAN_534;Hannover;x
HAN_538;East Frisia;x
HAW_658;Hawaiian Islands;x
HDJ_1151;Hedjaz;x
HES_564;Hesse-Nassau;x
HYD_1283;Hyderabad;x
JAN_3246;World Bank;x
JAP_1088;Hokkaido;x
JAP_1638;Chugoku;x
JAP_1645;Hokuriku;x
JAP_1649;Edo;x
JAP_1649;Kanto;x
JAP_1652;North Kanto;x
JAP_1654;Bonin Islands;x
JAP_1657;Keihanshin;x
JAP_1661;North Kyushu;x
JAP_1662;South Kyushu;x
JAP_1665;Shikoku;x
JAP_1672;Tohoku;x
JAP_1675;Chubu;x
JAP_1675;Chubu;x
JAP_1956;East Kansai;x
JAV_1413;West Java;x
JAV_1418;East Java;x
KAL_1221;Baluchistan;x
KHI_1191;Uzbekia;x
KOK_1190;Kirghizia;x
KOR_1619;Pyongyang;x
KOR_1624;Seoul;x
KOR_1627;Sariwon;x
KOR_1635;Busan;x
LUA_1356;Laos;x
MAD_2117;South Madagascar;x
MAD_2121;North Madagascar;x
MEC_544;Schleswig-Holstein;x
MEX_100;Arizona;x
MEX_103;New Mexico;x
MEX_2138;Sonora;x
MEX_2142;Chihuahua;x
MEX_2146;Nuevo León;x
MEX_2151;Durango;x
MEX_2161;Jalisco;x
MEX_2162;México;x
MEX_2170;Morelia;x
MEX_2173;Zacatecas;x
MEX_2183;Yucatán;x
MEX_85;California;x
MEX_94;Nevada-Utah;x
MEX_94;Nevada;x
MEX_97;Utah;x
MOD_739;Emilia-Romagna;x
MOD_739;Emilia;x
MOL_673;Moldavia;x
MON_2582;Montenegro;x
MOR_1684;Oujda;x
MOR_1686;Fez;x
MOR_1688;al Rif;x
MOR_1693;Morocco;x
MOR_1696;West Morocco;x
MOR_1696;Western Sahara;x
MYS_1314;Mysore;x
NAG_1277;Nagpur;x
NEJ_1157;Nejd;x
NEP_1327;Himalayas;x
NET_1398;Sumatra;x
NET_1424;East Borneo;x
NET_1426;West Borneo;x
NET_1431;Celebes;x
NET_1449;Moluccas;x
NET_1451;Western New Guinea;x
NET_375;Holland;x
NET_381;Gelderland;x
NET_385;Friesland;x
OMA_1166;Oman;x
ORA_2103;Vrystaat;x
PAN_1218;Sarhad;x
PAN_1224;Kashmir;x
PAN_1227;Punjab;x
PAP_749;Lazio;x
PER_1112;Tabriz;x
PER_1121;Irakajemi;x
PER_1122;Kurdistan;x
PER_1122;Luristan;x
PER_1127;Isfahan;x
PER_1135;Fars-Kerman;x
PER_1135;Khuzestan;x
PER_1142;Sistan;x
PER_1147;Khorasan;x
PEU_2289;Pastaza;x
PEU_2291;Cajamarca;x
PEU_2297;Ica;x
PEU_2300;Lima;x
POR_1999;North Angola;x
POR_2003;South Angola;x
POR_2049;Lourenço Marques;x
POR_2053;Zambezia;x
POR_2060;Mocambique;x
POR_518;Douro;x
POR_521;Estremadura;x
POR_525;Alentejo;x
PRG_2343;Bajo Paraguay;x
PRG_2343;Paraguay;x
PRU_544;West Pomerania;x
PRU_549;Brandenburg;x
PRU_553;Anhalt;x
PRU_553;Magdeburg;x
PRU_572;Palatinate;x
PRU_572;Rheinland;x
PRU_575;Nordrhein;x
PRU_575;West Rhineland;x
PRU_578;East Rhineland;x
PRU_581;Westfalen;x
PRU_581;Westphalia;x
PRU_680;East Pomerania;x
PRU_682;Lower Silesia;x
PRU_682;Schlesien;x
PRU_693;Westpreußen;x
PRU_695;Ostpreußen;x
PRU_695;Ostpreußen;x
PRU_701;Posen;x
RUS_1003;Novgorod;x
RUS_1008;Moscow;x
RUS_1014;Bryansk;x
RUS_1019;Ryazan;x
RUS_1020;Kazan;x
RUS_1020;Tataria;x
RUS_1024;Galich;x
RUS_1026;Perm;x
RUS_1028;Kazan;x
RUS_1037;Saratov;x
RUS_1037;Tartaria;x
RUS_1041;Astrakhan;x
RUS_1042;Orenburg;x
RUS_1048;Ekaterinodar;x
RUS_1052;Dagestan;x
RUS_1052;North Caucasia;x
RUS_1060;Samara;x
RUS_1061;Yamalia;x
RUS_1074;Kamchatka;x
RUS_1079;Trans-Baikal;x
RUS_1090;Georgia;x
RUS_1090;North Caucasus;x
RUS_1098;Armenia;x
RUS_1102;Azerbaijan;x
RUS_1102;Transcaucasia;x
RUS_1182;Uralsk;x
RUS_1185;Semireche;x
RUS_1185;Semirechye;x
RUS_1196;Turkmenia;x
RUS_1469;Krasnoyarsk;x
RUS_1469;Tomsk;x
RUS_2611;Akmolinsk;x
RUS_2648;Okhotsk;x
RUS_336;Northern Finland;x
RUS_340;Southern Finland;x
RUS_360;Lietuva;x
RUS_676;Budjak;x
RUS_706;Mazowieckie;x
RUS_707;Bręst;x
RUS_710;Wielkopolskie;x
RUS_718;Minsk;x
RUS_943;Smolensk;x
RUS_944;Orsha;x
RUS_955;Rovne;x
RUS_958;Kiev;x
RUS_962;Poltava;x
RUS_964;Crimea;x
RUS_965;Cherson;x
RUS_977;Kursk;x
RUS_979;Rostov;x
RUS_980;Luhansk;x
RUS_981;Arkhangelsk;x
RUS_987;Usogorsk;x
RUS_994;Ingria;x
RUS_995;Karelia;x
RUS_998;Tver;x
SAR_466;Savoie;x
SAR_720;Piemonte;x
SAR_765;Sardegna;x
SAR_765;Thyrrenian Islands;x
SAX_558;Sachsen;x
SAX_558;Saxony;x
SAX_561;Thuringia;x
SER_794;Northern Serbia;x
SIA_1346;Bangkok;x
SIA_1355;Chiang Mai;x
SIA_1358;Nakhon Ratchasima;x
SIA_1366;Cambodia;x
SIC_753;Molise;x
SIC_753;Puglia;x
SIC_754;Campania;x
SIC_754;Campania;x
SIC_755;Brasilicata;x
SIC_763;Sicily;x
SIN_1288;Sind;x
SPA_1455;Luzón;x
SPA_1460;Visayas;x
SPA_1463;Mindanao;x
SPA_2209;Cuba;x
SPA_2209;Greater Antilles;x
SPA_2517;Micronesia;x
SPA_474;Galicia;x
SPA_477;León-Castilla;x
SPA_487;Castilla la Nueva;x
SPA_492;Vasconia-Aragón;x
SPA_498;Catalonia;x
SPA_503;Valencia;x
SPA_512;Andalucía-Extremadura ;x
SPA_512;Andalucía;x
SPA_513;Granada;x
SPA_517;Gibraltar;x
SWE_308;Nordnorge;x
SWE_309;Vestlandet;x
SWE_318;Norrland;x
SWE_322;Svealand;x
SWE_329;Götaland;x
SWI_603;East Switzerland;x
SWI_605;West Switzerland;x
TEX_132;Texas;x
TIB_1591;Tibet;x
TON_2540;Tonga;x
TRI_1743;Tripoli;x
TRI_1743;Tripolitania;x
TRN_2108;Transvaal;x
TUN_1726;Tunisia;x
TUR_674;Dobrudja;x
TUR_788;Bosnia;x
TUR_803;Southern Serbia;x
TUR_805;East Macedonia;x
TUR_805;South Macedonia;x
TUR_806;North Macedonia;x
TUR_809;Rumelia;x
TUR_809;Rumelia;x
TUR_810;Bulgaria;x
TUR_810;Bulgaria;x
TUR_823;East Macedonia;x
TUR_832;Thessalía;x
TUR_853;Albania;x
TUR_855;Cyprus;x
TUR_860;Thrace;x
TUR_863;Hudavendigar;x
TUR_863;Hüdavendigar;x
TUR_869;Aydin;x
TUR_873;Konya;x
TUR_873;Konya;x
TUR_876;Ankara;x
TUR_876;Ankara;x
TUR_882;Trabzon;x
TUR_885;Kars;x
TUR_889;Diyarbakir-Van;x
TUR_889;Diyarbakir;x
TUR_890;Van;x
TUR_894;Adana;x
TUR_901;Dayr al-Zour;x
TUR_923;Mosul;x
TUR_923;Mosul;x
TUR_926;Baghdad;x
TUS_744;Toscana;x
UBP_349;Estonia;x
UBP_354;Latvia;x
UCA_2186;Guatemala;x
UCA_2191;Honduras;x
UCA_2197;Nicaragua;x
UCA_2201;Costa Rica;x
URU_2344;Uruguay;x
USA_106;Colorado;x
USA_111;Wyoming;x
USA_116;Montana;x
USA_118;North Dakota;x
USA_121;South Dakota;x
USA_124;Nebraska;x
USA_126;Kansas;x
USA_129;Oklahoma;x
USA_139;Louisiana;x
USA_144;Arkansas;x
USA_148;Missouri;x
USA_151;Iowa;x
USA_158;Minnesota;x
USA_162;Wisconsin;x
USA_168;Illinois;x
USA_170;Indiana;x
USA_176;Michigan;x
USA_178;Ohio;x
USA_185;Kentucky;x
USA_188;Tennessee;x
USA_194;Mississippi;x
USA_196;Alabama;x
USA_1;Alaska;x
USA_200;Florida;x
USA_201;Georgia;x
USA_205;South Carolina;x
USA_211;Virginia;x
USA_218;West Virginia;x
USA_219;Maryland;x
USA_223;Pennsylvania;x
USA_231;New Jersey;x
USA_232;New York;x
USA_243;Massachusetts;x
USA_247;New England;x
USA_2556;North Carolina;x
USA_2556;North Carolina;x
USA_78;Washington;x
USA_81;Oregon;x
USA_91;Idaho;x
VNZ_2234;Zulia;x
VNZ_2265;Miranda;x
WAL_665;Wallachia;x
WUR_589;Württemberg;x
YEM_1178;Yemen;x
ZUL_2113;Natal-Zululand;x
