ABU_anarcho_liberal;The Radical Faction;x
ABU_communist;The Communist Faction;x
ABU_conservative;Sheikhs Council;x
ABU_conservative_2;Trucial Sheiks;x
ABU_fascist;The Fascist Faction;x
ABU_fascist_dictatorship;The Emirate;x
ABU_fascist_dictatorship_ADJ;Emirati;x
ABU_liberal;The Liberal Faction;x
ABU_reactionary;The Nationalist Faction;x
ABU_socialist;The Socialist Faction;x
ADW_communist;Socialist Republic of Adamawa;x
ADW_conservative;Amir's Faction;x
ADW_fascist;Adamawa Caliphate;x
AFG_anarcho_liberal;The Radical Faction;x
AFG_communist;The Communist Faction;x
AFG_conservative;Amir Faction;x
AFG_fascist;The Fascist Faction;x
AFG_liberal;Pashah Faction;x
AFG_liberal_2;The Liberal Faction;x
AFG_reactionary;The Nationalist Faction;x
AFG_socialist;The Socialist Faction;x
AGC_anarcho_liberal;Radical Faction;x
AGC_communist;Communist Party;x
AGC_conservative;Sultan's Faction;x
AGC_fascist;Fascist Faction;x
AGC_liberal;Reform Faction;x
AGC_reactionary;Islamic faction;x
AGC_socialist;Socialist Party;x
ALB_anarcho_liberal;The Radical Faction;x
ALB_communist;Partia e Punës e Shqipërisë;x
ALB_conservative;Lëvizja Legalitetit;x
ALB_conservative_2;Royal Faction;x
ALB_fascist;Partia Fashiste e Shqipërisë;x
ALB_liberal;National Assembly;x
ALB_liberal_2;The Liberal Faction;x
ALB_reactionary;League of Pirzen;x
ALB_reactionary_2;The Nationalist Faction;x
ALB_socialist;The Socialist Faction;x
ALD_anarcho_liberal;The Radical Faction;x
ALD_communist;The Communist Faction;x
ALD_conservative;Bey Faction;x
ALD_fascist;The Fascist Faction;x
ALD_liberal;Conceil Général;x
ALD_liberal_2;Jeunesse Algérienne;x
ALD_liberal_3;The Liberal Faction;x
ALD_reactionary;Amir Faction;x
ALD_reactionary_2;The Nationalist Faction;x
ALD_socialist;The Socialist Faction;x
ANH_anarcho_liberal;Radical Arbeiterpartie;x
ANH_communist;Communist Arbeiterpartie;x
ANH_conservative;Zentrumspartei;x
ANH_conservative_2;Konservative Partei;x
ANH_conservative_3;Christsoz. Arbeiterpartei;x
ANH_fascist;NSDP;x
ANH_liberal;Liberaldem. Partei;x
ANH_liberal_2;Nationalliberale ;x
ANH_liberal_3;Freisinnige Partei;x
ANH_reactionary;Nationale Partei;x
ANH_socialist;Deutscher Arbeiterverein;x
ANH_socialist_2;Sozialdem. Arbeiterpartei ;x
ANH_socialist_3;Sozial. Arbeiterpartei ;x
ARA_anarcho_liberal;Al Anarkiliberali;x
ARA_anarcho_liberals;Anarcho-Liberals;x
ARA_communist;Al Shiu'i;x
ARA_conservative;Al Muhafidh;x
ARA_fascist;Al Fashi;x
ARA_liberal;Al Mutaharir;x
ARA_reactionary2;Al Rashid;x
ARA_reactionary;Al Sa'ud;x
ARA_socialist;Al Ishtiraki;x
ARC_reactionary;Sociedad Popular Restauradora;x
ARG_anarcho_liberal;Partido Radical;x
ARG_communist;Partido Comunista;x
ARG_conservative;Partido Federal;x
ARG_conservative_2;Partido Nacional;x
ARG_conservative_3;Autonomista Nacional;x
ARG_conservative_4;Partido Autonomista;x
ARG_conservative_5;Unión Civica Nacional;x
ARG_fascist;Partido Fascista;x
ARG_liberal;Partido Liberal;x
ARG_liberal_2;Partido Unitario;x
ARG_liberal_3;Unión Civica;x
ARG_liberal_4;Unión Civica Radical;x
ARG_reactionary;Partido Reaccionario;x
ARG_socialist;Partido Socialista;x
ARM_anarcho_liberal;The Radical Faction;x
ARM_communist;The Communist Faction;x
ARM_conservative;Bey Faction;x
ARM_conservative_2;Armenakans;x
ARM_fascist;The Fascist Faction;x
ARM_liberal;Toughte Sherepa;x
ARM_liberal_2;The Liberal Faction;x
ARM_liberal_3;The Liberal Faction;x
ARM_reactionary;The Nationalist Faction;x
ARM_socialist;Hnchakians;x
ARM_socialist_2;Dashnaktsutiunk;x
ARO_anarcho_liberal;Radical Faction;x
ARO_communist;Communist Faction;x
ARO_conservative;Eze Aro Faction;x
ARO_fascist;Fascist Faction;x
ARO_fascist_dictatorship;Biafra;x
ARO_fascist_dictatorship_ADJ;Biafran;x
ARO_liberal;Reform Faction;x
ARO_reactionary;Empire Faction;x
ARO_socialist;Socialist Faction;x
ASH_anarcho_liberal;Progress Party;x
ASH_communist;Convention People's Party;x
ASH_conservative;Royal Faction;x
ASH_conservative_2;National Liberation Movement;x
ASH_fascist;Popular Front Party;x
ASH_liberal;Reform Faction;x
ASH_liberal_2;United Gold Coast Convention;x
ASH_reactionary;Empire Faction;x
ASH_reactionary_2;National Liberation Council;x
ASH_socialist;Ghana Congress Party;x
ASM_anarcho_liberal;The Radical Faction;x
ASM_communist;The Communist Faction;x
ASM_conservative;Royal Faction;x
ASM_fascist;The Fascist Faction;x
ASM_fascist_dictatorship;Assamese Republic;x
ASM_liberal;The Liberal Faction;x
ASM_reactionary;The Nationalist Faction;x
ASM_socialist;The Socialist Faction;x
AST_anarcho_liberal;Radical Party;x
AST_communist;Communist Party Australia;x
AST_conservative;Protectionist Party;x
AST_conservative_2;Country Party;x
AST_fascist;New Guard;x
AST_liberal;Free Trade Party;x
AST_liberal_2;Liberal Party;x
AST_reactionary;Nationalist Party;x
AST_socialist;Australian Labour Party;x
ATJ_anarcho_liberal;The Radical Faction;x
ATJ_communist;The Communist Faction;x
ATJ_conservative;Royal Faction;x
ATJ_fascist;The Fascist Faction;x
ATJ_liberal;The Liberal Faction;x
ATJ_reactionary;The Nationalist Faction;x
ATJ_socialist;The Socialist Faction;x
AUS_anarcho_liberal;Radical Party;x
AUS_communist;Kommunistische Partei Österreichs;x
AUS_conservative;Metternich's Faction;x
AUS_conservative_2;Kolovrat's Faction;x
AUS_conservative_3;Bach's Faction;x
AUS_conservative_4;The Iron Ring;x
AUS_conservative_5;Conservatives;x
AUS_fascist;Vaterländische Front;x
AUS_liberal;Federalists;x
AUS_liberal_2;Federalist Great Proprietors;x
AUS_reactionary;Neo-absolutists;x
AUS_reactionary_2;German Radicals;x
AUS_socialist;Radicals;x
AUS_socialist_2;Socialists;x
AUS_socialist_3;Social Democratic Party;x
AWA_anarcho_liberal;The Radical Faction;x
AWA_communist;The Communist Faction;x
AWA_conservative;Royal Faction;x
AWA_fascist;The Fascist Faction;x
AWA_liberal;The Liberal Faction;x
AWA_reactionary;The Nationalist Faction;x
AWA_socialist;The Socialist Faction;x
AWS_anarcho_liberal;Radical Faction;x
AWS_communist;Afar Communist Party;x
AWS_conservative;Sultan's Faction;x
AWS_fascist;Fascist Faction;x
AWS_liberal;Reformers Faction;x
AWS_reactionary;Military Faction;x
AWS_socialist;Afar People's Party;x
AZB_anarcho_liberal;Freedom Party;x
AZB_communist;Bolshevik Party;x
AZB_conservative;Ittihad;x
AZB_fascist;National Front;x
AZB_liberal;Musavat;x
AZB_reactionary;Nationalist Party;x
AZB_socialist;Muslim Social Democratic Party;x
BAB_anarcho_liberal;Ama-gi Popular Front;x
BAB_communist;The Ziggurat Faction (Marxist-Leninist);x
BAB_conservative;The Code of Laws Party;x
BAB_fascist;Babylon Zoo;x
BAB_liberal;The (Hanging) Garden Party;x
BAB_reactionary;Hammurabi's Helpful;x
BAB_socialist;The Tower Builders;x
BAD_anarcho_liberal;Radikale Arbeiterpartei;x
BAD_communist;Kommunistische Arbeiterpartei;x
BAD_conservative;Zentrumspartei;x
BAD_conservative_2;Konservative Partei;x
BAD_conservative_3;Christsoz. Arbeiterpartei;x
BAD_fascist;NSDP;x
BAD_liberal;Liberaldem. Partei;x
BAD_liberal_2;Nationalliberale ;x
BAD_liberal_3;Freisinnige Partei;x
BAD_reactionary;Nationale Partei;x
BAD_socialist;Deutscher Arbeiterverein;x
BAD_socialist_2;Sozialdem. Arbeiterpartei ;x
BAD_socialist_3;Sozial. Arbeiterpartei ;x
BAH_anarcho_liberal;Partido Radical;x
BAH_communist;Partido Communist;x
BAH_conservative;Partido Conservador;x
BAH_conservative_2;Partido Paulista;x
BAH_fascist;Partido Fascist;x
BAH_liberal;Partido Liberal;x
BAH_liberal_2;Partido Carioca;x
BAH_reactionary;Partido Caramuru;x
BAH_socialist;Partido Socialist;x
BAL_anarcho_liberal;The Radical Faction;x
BAL_communist;The Communist Faction;x
BAL_conservative;Royal Faction;x
BAL_fascist;The Fascist Faction;x
BAL_liberal;The Liberal Faction;x
BAL_reactionary;The Nationalist Faction;x
BAL_socialist;The Socialist Faction;x
BAS_anarcho_liberal;The Radical Faction;x
BAS_communist;The Communist Faction;x
BAS_conservative;Royal Faction;x
BAS_fascist;The Fascist Faction;x
BAS_liberal;The Liberal Faction;x
BAS_reactionary;The Nationalist Faction;x
BAS_socialist;The Socialist Faction;x
BAV_fascist;NSDP;x
BEL_anarcho_liberal;Radical Partij;x
BEL_communist;Parti Communiste de Belgique;x
BEL_conservative;Katholieke Partij;x
BEL_conservative_2;Christene Volkspartij;x
BEL_conservative_3;Meeting Partij;x
BEL_fascist;Parti Rexiste;x
BEL_liberal;Liberale Partij;x
BEL_reactionary;Nationalist Partij;x
BEL_socialist;Belgische Werklieden Partij;x
BEN_anarcho_liberal;Radical Faction;x
BEN_communist;Communist Faction;x
BEN_conservative;Oba's Faction;x
BEN_fascist;Fascist Faction;x
BEN_liberal;Reform Faction;x
BEN_reactionary;Military Faction;x
BEN_socialist;People's Faction;x
BER_anarcho_liberal;The Radical Faction;x
BER_communist;The Communist Faction;x
BER_conservative;Royal Faction;x
BER_fascist;The Fascist Faction;x
BER_liberal;The Liberal Faction;x
BER_reactionary;The Nationalist Faction;x
BER_socialist;The Socialist Faction;x
BHO_anarcho_liberal;The Radical Faction;x
BHO_communist;The Communist Faction;x
BHO_conservative;Royal Faction;x
BHO_fascist;The Fascist Faction;x
BHO_liberal;The Liberal Faction;x
BHO_reactionary;The Nationalist Faction;x
BHO_socialist;The Socialist Faction;x
BHU_anarcho_liberal;The Radical Faction;x
BHU_communist;The Communist Faction;x
BHU_conservative;Royal Faction;x
BHU_fascist;The Fascist Faction;x
BHU_liberal;The Liberal Faction;x
BHU_reactionary;The Nationalist Faction;x
BHU_socialist;The Socialist Faction;x
BIH_anarcho_liberal;Bihari Radical Party;x
BIH_communist;Bihari Communist Party;x
BIH_conservative;Lok Janshakti Party;x
BIH_fascist;Bihari Fascist Party;x
BIH_liberal;Samata Party;x
BIH_reactionary;Bihar Vikas;x
BIH_socialist;Janata Dal;x
BIK_anarcho_liberal;The Radical Faction;x
BIK_communist;The Communist Faction;x
BIK_conservative;Royal Faction;x
BIK_fascist;The Fascist Faction;x
BIK_liberal;The Liberal Faction;x
BIK_reactionary;The Nationalist Faction;x
BIK_socialist;The Socialist Faction;x
BNG_anarcho_liberal;The Radical Faction;x
BNG_communist;Bengali Communist Party;x
BNG_conservative;Awami League;x
BNG_fascist;Jatiya Party;x
BNG_liberal;Liberal Democratic Party;x
BNG_reactionary;Jamaat-e-Islami;x
BNG_socialist;Jatiyo Samajtantrik Dal;x
BOH_anarcho_liberal;The Radical Faction;x
BOH_communist;The Communist Faction;x
BOH_conservative;Royal Faction;x
BOH_fascist;The Fascist Faction;x
BOH_liberal;The Liberal Faction;x
BOH_reactionary;The Nationalist Faction;x
BOH_socialist;The Socialist Faction;x
BOL_anarcho_liberal;Partido Radical;x
BOL_communist;Partido Comunista;x
BOL_conservative;Partido Conservador;x
BOL_fascist;Partido Fascista;x
BOL_liberal;Partido Liberal;x
BOL_liberal_2;Partido Populista;x
BOL_reactionary;Partido Nacionalista;x
BOL_socialist;Partido Socialista;x
BOS_anarcho_liberal;The Radical Faction;x
BOS_communist;The Communist Faction;x
BOS_conservative;Royal Faction;x
BOS_fascist;The Fascist Faction;x
BOS_liberal;The Liberal Faction;x
BOS_reactionary;The Nationalist Faction;x
BOS_socialist;The Socialist Faction;x
BRA_anarcho_liberal;Radikale Arbeiterpartei;x
BRA_communist;Kommunistische Arbeiterpartei;x
BRA_conservative;Zentrumspartei;x
BRA_conservative_2;Konservative Partei;x
BRA_conservative_3;Christsoz. Arbeiterpartei;x
BRA_fascist;NSDP;x
BRA_liberal;Liberaldem. Partei;x
BRA_liberal_2;Nationalliberale ;x
BRA_liberal_3;Freisinnige Partei;x
BRA_reactionary;Nationale Partei;x
BRA_socialist;Deutscher Arbeiterverein;x
BRA_socialist_2;Sozialdem. Arbeiterpartei ;x
BRA_socialist_3;Sozial. Arbeiterpartei ;x
BRE_anarcho_liberal;Radikale Arbeiterpartei;x
BRE_communist;Kommunistische Arbeiterpartei;x
BRE_conservative;Zentrumspartei;x
BRE_conservative_2;Konservative Partei;x
BRE_conservative_3;Christsoz. Arbeiterpartei;x
BRE_fascist;NSDP;x
BRE_liberal;Liberaldem. Partei;x
BRE_liberal_2;Nationalliberale ;x
BRE_liberal_3;Freisinnige Partei;x
BRE_reactionary;Nationale Partei;x
BRE_socialist;Deutscher Arbeiterverein;x
BRE_socialist_2;Sozialdem. Arbeiterpartei ;x
BRE_socialist_3;Sozial. Arbeiterpartei ;x
BRG_anarcho_liberal;Radical Faction;x
BRG_communist;Communist Faction;x
BRG_conservative;Kibe's Faction;x
BRG_fascist;Fascist Faction;x
BRG_liberal;Reform Faction;x
BRG_reactionary;Military Faction;x
BRG_socialist;People's Faction;x
BRU_anarcho_liberal;The Radical Faction;x
BRU_communist;The Communist Faction;x
BRU_conservative;Royal Faction;x
BRU_fascist;The Fascist Faction;x
BRU_liberal;The Liberal Faction;x
BRU_reactionary;The Nationalist Faction;x
BRU_socialist;The Socialist Faction;x
BRZ_anarcho_liberal;Partido Anarquista;x
BRZ_communist;Partido Comunista;x
BRZ_conservative;Partido Conservador;x
BRZ_conservative_2;Partido Republicano Paulista;x
BRZ_fascist;Açao Integralista Brasileira;x
BRZ_liberal;Partido Liberal;x
BRZ_liberal_2;Partido Republicano Carioca;x
BRZ_reactionary2;Partido Republicano Riograndense;x
BRZ_reactionary;Partido Restaurador;x
BRZ_socialist;Partido Socialista;x
BSH_anarcho_liberal;Radical Faction;x
BSH_communist;Communist Faction;x
BSH_conservative;Royal Faction;x
BSH_fascist;Fascist Faction;x
BSH_liberal;Reform Faction;x
BSH_reactionary;Empire Faction;x
BSH_socialist;Socialist Faction;x
BUK_anarcho_liberal;The Radical Faction;x
BUK_communist;The Communist Faction;x
BUK_conservative;Royal Faction;x
BUK_fascist;The Fascist Faction;x
BUK_liberal;The Liberal Faction;x
BUK_reactionary;The Nationalist Faction;x
BUK_socialist;The Socialist Faction;x
BUL_anarcho_liberal;Radoslavists;x
BUL_communist;Balgarska Komunisticheska Partiya;x
BUL_conservative;Mladoliberalna Partija-Toncevisti;x
BUL_fascist;Fascist;x
BUL_liberal;Balgarski Zemedelski Naroden Sayuz;x
BUL_reactionary;Nationalist;x
BUL_socialist;BRSDP;x
BUN_anarcho_liberal;The Radical Faction;x
BUN_communist;The Communist Faction;x
BUN_conservative;Royal Faction;x
BUN_fascist;The Fascist Faction;x
BUN_liberal;The Liberal Faction;x
BUN_reactionary;The Nationalist Faction;x
BUN_socialist;The Socialist Faction;x
BUR_anarcho_liberal;The Radical Faction;x
BUR_communist;The Communist Faction;x
BUR_conservative;Royal Faction;x
BUR_fascist;The Fascist Faction;x
BUR_liberal;The Liberal Faction;x
BUR_reactionary;The Nationalist Faction;x
BUR_socialist;The Socialist Faction;x
BYE_anarcho_liberals;Anarcho-Liberals;x
BYE_communist;Bolsheviks;x
BYE_conservative;Conservatives;x
BYE_fascist;National Socialist Party;x
BYE_liberal;Liberals;x
BYE_reactionary;Reactionaries;x
BYE_socialist;Belarusian Socialist Assembly;x
BYZ_anarcho_liberal;Neoteristikon Kómma;x
BYZ_communist;Kommounistikó Kómma Byzantós;x
BYZ_conservative;Komma Ethnikofronon;x
BYZ_fascist;Kómma ton Eleutherofróvon;x
BYZ_liberal;Kómma Fileleftheron;x
BYZ_reactionary;Kómma Paleologós;x
BYZ_socialist;Sosialistikó Kómma Byzantós;x
CAL_anarcho_liberal;Democratic;x
CAL_anarcho_liberal_2;Populist;x
CAL_communist;Communist;x
CAL_conservative;Democratic Party;x
CAL_fascist;Fascist;x
CAL_liberal;Liberty;x
CAL_liberal_2;Free Soil;x
CAL_liberal_3;Progressive;x
CAL_reactionary;Ursine Imperialist;x
CAL_socialist;Radical;x
CAM_anarcho_liberal;The Radical Faction;x
CAM_communist;The Communist Faction;x
CAM_conservative;Royal Faction;x
CAM_fascist;The Fascist Faction;x
CAM_liberal;The Liberal Faction;x
CAM_reactionary;The Nationalist Faction;x
CAM_socialist;The Socialist Faction;x
CAN_anarcho_liberal;One Big Union;x
CAN_communist;Communist Party of Canada;x
CAN_conservative;Conservative Party of Canada;x
CAN_fascist;National Unity Party;x
CAN_liberal;Liberal Party;x
CAN_liberal_1;Red Party;x
CAN_liberal_2;Liberal Party of Canada;x
CAN_reactionary;Tories;x
CAN_socialist;Socialist Party of Canada;x
CAT_anarcho_liberal;Unió Catalanista;x
CAT_communist;Communist de Catalana;x
CAT_conservative;Renaixença Catalŕ;x
CAT_conservative_2;Regionalista Catalana;x
CAT_fascist;Fascist de Catalana;x
CAT_liberal;Centre Catalŕ;x
CAT_liberal_2;Solidaritat Catalana;x
CAT_liberal_3;Partit Radical Republicŕ;x
CAT_reactionary;Nationalist de Catalana;x
CAT_socialist;Socialistes de Catalunya;x
CHI_anarcho_liberal;Zhongguó Mínzhu Jirnguó Hue;x
CHI_communist;Zhongguó Gnngchandang;x
CHI_conservative;Junjichu;x
CHI_conservative_2;Zhiqiang Yundong;x
CHI_conservative_3;Beiyang;x
CHI_conservative_4;Kuomintang;x
CHI_conservative_5;Mínzhudang;x
CHI_fascist;Kai-tsu P'ai;x
CHI_liberal;Gai Liang Pai;x
CHI_liberal_2;Xingzhonghui;x
CHI_liberal_3;Zhongguó Mínzhu Tóngméng;x
CHI_liberal_4;Yang Wu Pai;x
CHI_reactionary;Kongjiro Yundong;x
CHI_reactionary_2;Jenbudang;x
CHI_socialist;Zhongguó Guójia Shchue Dang;x
CHK_anarcho_liberal;The Radical Faction;x
CHK_communist;The Communist Faction;x
CHK_conservative;Royal Faction;x
CHK_fascist;The Fascist Faction;x
CHK_liberal;The Liberal Faction;x
CHK_reactionary;The Nationalist Faction;x
CHK_socialist;The Socialist Faction;x
CHL_anarcho_liberal;Partido Radical;x
CHL_communist;Partido Comunista;x
CHL_conservative;Conservadores;x
CHL_conservative_2;Partido Conservador;x
CHL_conservative_3;Partido Nacional;x
CHL_fascist;Partido Fascista;x
CHL_liberal;Liberales;x
CHL_liberal_2;Partido Liberal;x
CHL_liberal_3;Alianza Liberal;x
CHL_liberal_4;Liberal Democrático;x
CHL_reactionary;Partido Nacionalista;x
CHL_socialist;Partido Socialista;x
CIR_anarcho_liberal;Partiye Fit Bedzer;x
CIR_communist;Partiye Zefediz;x
CIR_conservative;Partiye Wuhumenig;x
CIR_fascist;Partiye Lepqh;x
CIR_liberal;Partiye Libyeral;x
CIR_reactionary;Partiye Natsiya;x
CIR_socialist;Partiye Sotsialist;x
CLA_anarcho_liberal;Radical Faction;x
CLA_communist;Communist Faction;x
CLA_conservative;Duke Town Faction;x
CLA_fascist;Fascist Faction;x
CLA_liberal;Creek Town Faction;x
CLA_reactionary;Empire Faction;x
CLA_socialist;Socialist Faction;x
CLM_anarcho_liberal;Federalistas;x
CLM_communist;Partido Comunista;x
CLM_conservative;Partido Conservador;x
CLM_fascist;Partido Fascista;x
CLM_fascist_dictatorship;Gran Colombia;x
CLM_liberal;Partido Liberal;x
CLM_liberal_2;Partido Nacional;x
CLM_reactionary;Partido Nacionalista;x
CLM_socialist;Partido Socialista;x
CNG_anarcho_liberal;Common Front;x
CNG_communist;Congolese National Union;x
CNG_conservative;Conservative Party;x
CNG_conservative_2;Congolese National Movement;x
CNG_fascist;Party of National Unity;x
CNG_liberal;Liberal Party;x
CNG_liberal_2;Alliance of Bakongo;x
CNG_reactionary;Reactionary Party;x
CNG_reactionary_2;Popular Movement of the Revolution;x
CNG_socialist;African Solidarity Party;x
COB_anarcho_liberal;Radikale Arbeiterpartei;x
COB_communist;Kommunistische Arbeiterpartei;x
COB_conservative;Zentrumspartei;x
COB_conservative_2;Konservative Partei;x
COB_conservative_3;Christsoz. Arbeiterpartei;x
COB_fascist;NSDP;x
COB_liberal;Liberaldem. Partei;x
COB_liberal_2;Nationalliberale ;x
COB_liberal_3;Freisinnige Partei;x
COB_reactionary;Nationale Partei;x
COB_socialist;Deutscher Arbeiterverein;x
COB_socialist_2;Sozialdem. Arbeiterpartei ;x
COB_socialist_3;Sozial. Arbeiterpartei ;x
COL_anarcho_liberal;Radical Party;x
COL_communist;Communist Party;x
COL_conservative;Conservative Party;x
COL_fascist;Fascist Party;x
COL_liberal;Liberal Party;x
COL_reactionary;Nationalist Party;x
COL_socialist;Socialist Party;x
COS_anarcho_liberal;Partido Radical;x
COS_communist;Partido Comunista;x
COS_conservative;Partido Conservador;x
COS_conservative_2;Partido de Unión Nacional;x
COS_fascist;Partido Fascista;x
COS_liberal;Partido Liberal;x
COS_reactionary;Partido Nacionalista;x
COS_socialist;Partido Socialista;x
CRE_anarcho_liberal;The Radical Faction;x
CRE_communist;The Communist Faction;x
CRE_conservative;Royal Faction;x
CRE_fascist;The Fascist Faction;x
CRE_liberal;The Liberal Faction;x
CRE_reactionary;The Nationalist Faction;x
CRE_socialist;The Socialist Faction;x
CRI_anarcho_liberal;The Radical Faction;x
CRI_communist;The Communist Faction;x
CRI_conservative;Royal Faction;x
CRI_fascist;The Fascist Faction;x
CRI_liberal;The Liberal Faction;x
CRI_reactionary;The Nationalist Faction;x
CRI_socialist;The Socialist Faction;x
CRO_anarcho_liberal;Anarhisticki Partija;x
CRO_communist;Komunisticka Partija;x
CRO_conservative;Hrvatska Stranka Prava;x
CRO_fascist;Ustasha;x
CRO_liberal;Narodna Stranka;x
CRO_reactionary;Nacionalisticka Partija;x
CRO_socialist;Socijalisticka Partija;x
CSA_anarcho_liberal;Democrats;x
CSA_communist;Communists;x
CSA_conservative;Whigs;x
CSA_fascist;Fascists;x
CSA_fascist_dictatorship;The Confederacy;x
CSA_liberal;Democratic Party;x
CSA_liberal_2;Whig Party;x
CSA_liberal_3;Populist Party;x
CSA_reactionary;New America Party;x
CSA_socialist;Brothers of the Revolution;x
CUB_anarcho_liberal;Partido Radical;x
CUB_communist;Partido Comunista;x
CUB_conservative;Conservadores;x
CUB_conservative_2;Partido Moderado;x
CUB_conservative_3;Partido Conservador;x
CUB_fascist;Partido Fascista;x
CUB_liberal;Liberales;x
CUB_liberal_2;Revolucionario Cubano;x
CUB_liberal_3;Partido Liberal;x
CUB_reactionary;Realistas;x
CUB_socialist;Partido Socialista;x
CYP_anarcho_liberal;The Radical Faction;x
CYP_communist;The Communist Faction;x
CYP_conservative;Royal Faction;x
CYP_fascist;The Fascist Faction;x
CYP_liberal;The Liberal Faction;x
CYP_reactionary;The Nationalist Faction;x
CYP_socialist;The Socialist Faction;x
CZH_anarcho_liberal;Ceska strana libertarianismus;x
CZH_communist;KSC;x
CZH_conservative;CSL;x
CZH_fascist;Vlajka;x
CZH_liberal;RSZML;x
CZH_reactionary;CsND;x
CZH_socialist;CSSD;x
DAG_anarcho_liberal;Radical Party;x
DAG_communist;Communist Party;x
DAG_conservative;Conservative Party;x
DAG_fascist;Fascist Party;x
DAG_fascist_dictatorship;Dagestan;x
DAG_liberal;Liberal Factuib;x
DAG_reactionary;Nationalist Party;x
DAG_socialist;Socialist Party;x
DAH_anarcho_liberal;BMFD;x
DAH_communist;People's Revolutionary Party;x
DAH_conservative;Ahosu Faction;x
DAH_conservative_2;Progressive Union;x
DAH_fascist;Fascist Front;x
DAH_liberal;Liberal Faction;x
DAH_liberal_2;Republican Party;x
DAH_reactionary;Empire Faction;x
DAH_reactionary_2;Ethnic Group of the North;x
DAH_socialist;African People's Bloc;x
DAI_anarcho_liberal;The Radical Faction;x
DAI_communist;Viet Nam Cong san Dang;x
DAI_conservative;Royal Faction;x
DAI_fascist;The Fascist Faction;x
DAI_liberal;The Liberal Faction;x
DAI_reactionary;The Nationalist Faction;x
DAI_socialist;The Socialist Faction;x
DAM_anarcho_liberal;Freedom Faction;x
DAM_communist;Communist Faction;x
DAM_conservative;Sultan's Faction;x
DAM_fascist;Fascist Faction;x
DAM_fascist_dictatorship;Hausaland;x
DAM_fascist_dictatorship_ADJ;Hausa;x
DAM_liberal;Reform Faction;x
DAM_reactionary;Religious Faction;x
DAM_socialist;Justice and Equality Movement;x
DAR_anarcho_liberal;Freedom Faction;x
DAR_communist;Communist Faction;x
DAR_conservative;Sultan's Faction;x
DAR_fascist;Fascist Faction;x
DAR_liberal;Reform Faction;x
DAR_reactionary;Religious Faction;x
DAR_socialist;Justice and Equality Movement;x
DES_anarcho_liberal;Radical Party;x
DES_communist;Communist Party;x
DES_conservative;Union Party;x
DES_fascist;Fascist Party;x
DES_liberal;Liberal Party;x
DES_reactionary;Mormon People's Party;x
DES_socialist;Socialist Party;x
DNB_fascist_dictatorship;Danubian Republic;x
DND_anarcho_liberal;Freedom Faction;x
DND_communist;Communist Faction;x
DND_conservative;Askiya Faction;x
DND_fascist;Fascist Faction;x
DND_fascist_dictatorship;Dendi Republic;x
DND_liberal;Reform Faction;x
DND_reactionary;Religious Faction;x
DND_socialist;Justice and Equality Movement;x
DOM_anarcho_liberal;Partido Radical;x
DOM_communist;Partido Comunista;x
DOM_conservative;Conservadores;x
DOM_conservative_2;Trinitarios;x
DOM_conservative_3;Partido Rojo;x
DOM_conservative_4;Horacistas;x
DOM_fascist;Partido Fascista;x
DOM_liberal;Liberales;x
DOM_liberal_2;Partido Azúl;x
DOM_liberal_3;Partido Restaurador;x
DOM_liberal_4;Partido Verde;x
DOM_liberal_5;Jimenistas;x
DOM_reactionary;Partido Nacionalista;x
DOM_socialist;Partido Socialista;x
DZG_anarcho_liberal;Radikale Arbeiterpartei;x
DZG_communist;Communist Arbeiterparei;x
DZG_conservative;Zentrumspartei;x
DZG_conservative_2;Konservative Partei;x
DZG_conservative_3;Christsoz. Arbeiterpartei;x
DZG_fascist;NSDP;x
DZG_liberal;Liberaldem. Partei;x
DZG_liberal_2;Nationalliberale ;x
DZG_liberal_3;Freisinnige Partei;x
DZG_reactionary;Nationale Partei;x
DZG_socialist;Deutscher Arbeiterverein;x
DZG_socialist_2;Sozialdem. Arbeiterpartei ;x
DZG_socialist_3;Sozial. Arbeiterpartei ;x
ECU_anarcho_liberal;Partido Radical;x
ECU_communist;Partido Comunista;x
ECU_conservative;Partido Conservador;x
ECU_fascist;Partido Fascista;x
ECU_liberal;Partido Liberal;x
ECU_liberal_2;Partido Liberal Radical;x
ECU_liberal_3;Partido Progresista;x
ECU_liberal_4;Unión Republicana;x
ECU_reactionary;Partido Jesuítico;x
ECU_socialist;Partido Socialista;x
EGY_anarcho_liberal;Radical Faction;x
EGY_communist;Communist Faction;x
EGY_conservative;Majlis Al-Shura;x
EGY_conservative_2;al-Hizb al-Watani;x
EGY_fascist;Fascist Faction;x
EGY_liberal;Majlis Shurat Al-Nuwwab;x
EGY_liberal_2;al-Hizb al-Umma;x
EGY_reactionary;Urabist Faction;x
EGY_socialist;Socialist Faction;x
EIC_conservative;Court of Directors;x
EIC_liberal;Court of Directors;x
EIC_reactionary;Court of Directors;x
ELS_anarcho_liberal;Partido Radical;x
ELS_communist;Partido Comunista;x
ELS_conservative;Partido Conservador;x
ELS_fascist;Partido Fascista;x
ELS_liberal;Partido Liberal;x
ELS_reactionary;Partido Nacionalista;x
ELS_socialist;Partido Socialista;x
ENG_anarcho_liberal;Radical Party;x
ENG_communist;Communist Party of Great Britain;x
ENG_conservative;Tory Party;x
ENG_fascist;British Union of Fascists;x
ENG_fascist_dictatorship;The Union of Britain;x
ENG_fascist_dictatorship_ADJ;British;x
ENG_liberal;Whig Party;x
ENG_liberal_2;Liberal Party;x
ENG_reactionary;High Tories;x
ENG_socialist;Labour Party;x
ENT_anarcho_liberal;Partido Radical;x
ENT_communist;Partido Communista;x
ENT_conservative;Federalistas;x
ENT_conservative_2;Partido Federalista;x
ENT_conservative_3;Unión Cívica de Entre Rios;x
ENT_fascist;Partido Fascista;x
ENT_liberal;Partido Liberal;x
ENT_liberal_2;Partido Democracia;x
ENT_liberal_3;Liberales;x
ENT_reactionary;Partido Nacionalista;x
ENT_socialist;Partido Azul;x
ENT_socialist_2;Partido Socialista;x
EST_anarcho_liberal;Radikaal-Demokraatlik Erakond;x
EST_communist;Eestimaa Kommunistlik Partei;x
EST_conservative;Pollumeeste Kogud;x
EST_conservative_2;Kristlik Rahvaerakond;x
EST_fascist;Vabadussojalased;x
EST_liberal;Asunikkude Partei;x
EST_reactionary;Eesti Rojalistlik Partei;x
EST_reactionary_2;Isamaaliit;x
EST_socialist;Eesti Sotsialistlik Tööliste Partei;x
EST_socialist_2;Eesti Tööerakond;x
ETH_anarcho_liberal;The Radical Faction;x
ETH_communist;The Communist Faction;x
ETH_conservative;Royal Faction;x
ETH_fascist;The Fascist Faction;x
ETH_liberal;The Liberal Faction;x
ETH_reactionary;The Nationalist Faction;x
ETH_socialist;The Socialist Faction;x
FIN_anarcho_liberal;Aktivistinen vastustuspuolue;x
FIN_communist;Punakaarti;x
FIN_conservative;Suomalainen puolue;x
FIN_conservative_2;Svenska partiet;x
FIN_conservative_3;Maalaisliitto;x
FIN_conservative_4;Svenska folkpartiet;x
FIN_fascist;Isänmaallinen kansanliike;x
FIN_liberal;Nuorsuomalaiset;x
FIN_liberal_2;Edistyspuolue;x
FIN_liberal_3;Liberaler;x
FIN_reactionary;Kokoomus;x
FIN_reactionary_2;Vikingar;x
FIN_socialist;Sosiaalidemokraatit;x
FLA_anarcho_liberal;Radical Partij;x
FLA_communist;Communist Partij;x
FLA_conservative;Katholieke Partij;x
FLA_conservative_2;Christene Volkspartij;x
FLA_fascist;Fascist Partij;x
FLA_liberal;Liberale Partij;x
FLA_reactionary;Nationalist Partij;x
FLA_socialist;Werkliedenpartij;x
FRA_anarcho_liberal;Républicain Radical;x
FRA_communist;Parti Ouvrier Français;x
FRA_conservative;Républicain modéré;x
FRA_conservative_2;Républicain modéré;x
FRA_conservative_3;Bonapartiste;x
FRA_conservative_4;Orléaniste;x
FRA_conservative_5;Royaliste;x
FRA_fascist;Parti Franciste;x
FRA_liberal;Républicain;x
FRA_liberal_2;Union libérale;x
FRA_liberal_3;Républicain libérale;x
FRA_reactionary;Légitimiste;x
FRA_reactionary_2;Droite Nationaliste;x
FRA_socialist;Républicain démocratique;x
FRA_socialist_2;Possibilistes;x
FRA_socialist_3;SFIO;x
FRM_anarcho_liberal;Radikale Arbeiterpartei;x
FRM_communist;Kommunistische Arbeiterpartei;x
FRM_conservative;Zentrumspartei;x
FRM_conservative_2;Konservative Partei;x
FRM_conservative_3;Christsoz. Arbeiterpartei;x
FRM_fascist;NSDP;x
FRM_liberal;Liberaldem. Partei;x
FRM_liberal_2;Nationalliberale ;x
FRM_liberal_3;Freisinnige Partei;x
FRM_reactionary;Nationale Partei;x
FRM_socialist;Deutscher Arbeiterverein;x
FRM_socialist_2;Sozialdem. Arbeiterpartei ;x
FRM_socialist_3;Sozial. Arbeiterpartei ;x
GAZ_anarcho_liberal;Freedom Faction;x
GAZ_communist;Communist Party;x
GAZ_conservative;King's Faction;x
GAZ_fascist;Fascist Faction;x
GAZ_liberal;Reform Faction;x
GAZ_reactionary;Traditionalist faction;x
GAZ_socialist;People's Front;x
GBU_anarcho_liberal;Democratic Party of Progress;x
GBU_communist;African Party of Independence;x
GBU_conservative;Mansaba Faction;x
GBU_conservative_2;Democratic Front;x
GBU_fascist;Bafatá Movement;x
GBU_liberal;Reform Faction;x
GBU_liberal_2;Party for Social Renewal;x
GBU_reactionary;Empire Faction;x
GBU_reactionary_2;Gabuan Civic Forum;x
GBU_socialist;Struggle Front for Independence;x
GCO_anarcho_liberal;Partido Radical;x
GCO_communist;Partido Communista;x
GCO_conservative;Partido Centralista;x
GCO_conservative_2;Nuevo Partido Centralista;x
GCO_fascist;Partido Fascista;x
GCO_liberal;Partido Federalista;x
GCO_liberal_2;Nuevo Partido Federalista;x
GCO_liberal_3;Partido Autonomista;x
GCO_reactionary;Partido Traditionalista;x
GCO_socialist;Partido Socialista Revolucionario;x
GEL_anarcho_liberal;The Radical Faction;x
GEL_communist;The Communist Faction;x
GEL_conservative;Sheikal Faction;x
GEL_fascist;The Greater Somalia Faction;x
GEL_liberal;The Liberal Faction;x
GEL_reactionary;The Nationalist Faction;x
GEL_socialist;The Socialist Faction;x
GEO_anarcho_liberal;Sakartvelos Gza;x
GEO_communist;Sakartvelos Komunisturi;x
GEO_conservative;Demokratiuli Modzraoba;x
GEO_fascist;Erovnuli Sotsialisturi;x
GEO_liberal;Sakartvelos Respublikuri;x
GEO_reactionary;Natsionaluri Modzraoba;x
GEO_socialist;Sakartvelos Leiboristuli;x
GER_anarcho_liberal;Radikale Arbeiterpartei;x
GER_communist;Kommunistische Arbeiterpartei;x
GER_conservative;Konservative Partei;x
GER_conservative_2;Zentrumspartei;x
GER_conservative_3;Christsoz. Arbeiterpartei;x
GER_fascist;NSDAP;x
GER_liberal;Liberaldem. Partei;x
GER_liberal_2;Nationalliberale ;x
GER_liberal_3;Freisinnige Partei;x
GER_reactionary;Nationale Partei;x
GER_socialist;Deutscher Arbeiterverein;x
GER_socialist_2;Sozialdem. Arbeiterpartei ;x
GER_socialist_3;Sozial. Arbeiterpartei ;x
GNG_anarcho_liberal;Freedom Party;x
GNG_communist;Chinese Communist Party;x
GNG_conservative;Kuomintang Faction;x
GNG_fascist;Fascist Party;x
GNG_liberal;Liberal Party;x
GNG_reactionary;Beiyang Faction;x
GNG_socialist;Socialist Party;x
GON_anarcho_liberal;Radical Faction;x
GON_communist;Communist Party;x
GON_conservative;Imperial Faction;x
GON_fascist;Fascist Faction;x
GON_liberal;Reform Faction;x
GON_reactionary;Ras Faction;x
GON_socialist;Socialist Party;x
GRE_anarcho_liberal;Ethnikón Rizospastikón Kómma;x
GRE_communist;Kommounistikó Kómma Elládas;x
GRE_conservative;Syntagmatikó Kómma;x
GRE_conservative_2;Kómma Ethnikófronon;x
GRE_fascist;Ethniki Enosis Ellados;x
GRE_liberal;Ethnikó Kómma;x
GRE_liberal_2;Neoteristikón Kómma;x
GRE_reactionary;Kómma ton Napaíon;x
GRE_socialist;Sosialistikó Kómma Elládas;x
GUA_anarcho_liberal;Partido Radical;x
GUA_communist;Partido Comunista;x
GUA_conservative;Partido Conservador;x
GUA_fascist;Partido Fascista;x
GUA_liberal;Partido Liberal;x
GUA_reactionary;Partido Nacionalista;x
GUA_socialist;Partido Socialista;x
GUY_anarcho_liberal;American Faction;x
GUY_communist;British Guiana Labour Union;x
GUY_conservative;Dutch Faction;x
GUY_fascist;Unity Party;x
GUY_liberal;French Faction;x
GUY_reactionary;British Faction;x
GUY_socialist;Ruimveldt Party;x
GWA_anarcho_liberal;The Radical Faction;x
GWA_communist;The Communist Faction;x
GWA_conservative;Royal Faction;x
GWA_fascist;The Fascist Faction;x
GWA_liberal;The Liberal Faction;x
GWA_reactionary;The Nationalist Faction;x
GWA_socialist;The Socialist Faction;x
GXI_anarcho_liberal;Freedom Party;x
GXI_communist;Chinese Communist Party;x
GXI_conservative;Kuomintang Faction;x
GXI_fascist;Fascist Party;x
GXI_liberal;Liberal Party;x
GXI_reactionary;Rongting Faction;x
GXI_socialist;Socialist Party;x
HAI_anarcho_liberal;Parti Radical;x
HAI_communist;Parti Communiste Haitien;x
HAI_conservative;Parti National;x
HAI_fascist;Parti Fasciste;x
HAI_liberal;Parti Liberal;x
HAI_reactionary;Haitien Nationaliste Parti;x
HAI_socialist;Parti Socialiste;x
HAL_communist;Al-Hizb al-Shuyui al-Urduni;x
HAL_conservative;Hizb al-Wasat al-Islami;x
HAL_fascist;Hizb al-Mustaqbal;x
HAL_liberal;Yasari-d-al-Dimaqrati al-Urduni;x
HAL_reactionary;Hizb al-Hashemiyya al-Urduni;x
HAL_socialist;Hizb al-Baath al-Ishtiraki al-Urduni;x
HAM_anarcho_liberal;Radikale Arbeiterpartei;x
HAM_communist;Kommunistische Arbeiterpartei;x
HAM_conservative;Zentrumspartei;x
HAM_conservative_2;Konservative Partei;x
HAM_conservative_3;Christsoz. Arbeiterpartei;x
HAM_fascist;NSDP;x
HAM_liberal;Liberaldem. Partei;x
HAM_liberal_2;Nationalliberale ;x
HAM_liberal_3;Freisinnige Partei;x
HAM_reactionary;Nationale Partei;x
HAM_socialist;Deutscher Arbeiterverein;x
HAM_socialist_2;Sozialdem. Arbeiterpartei ;x
HAM_socialist_3;Sozial. Arbeiterpartei ;x
HAN_anarcho_liberal;Radikale Arbeiterpartei;x
HAN_communist;Kommunistische Arbeiterpartei;x
HAN_conservative;Zentrumspartei;x
HAN_conservative_2;Konservative Partei;x
HAN_conservative_3;Christsoz. Arbeiterpartei;x
HAN_fascist;NSDP;x
HAN_liberal;Liberaldem. Partei;x
HAN_liberal_2;Nationalliberale ;x
HAN_liberal_3;Freisinnige Partei;x
HAN_reactionary;Nationale Partei;x
HAN_socialist;Deutscher Arbeiterverein;x
HAN_socialist_2;Sozialdem. Arbeiterpartei ;x
HAN_socialist_3;Sozial. Arbeiterpartei ;x
HAR_anarcho_liberal;Radical Faction;x
HAR_communist;Communist Party;x
HAR_conservative;Emir's Faction;x
HAR_fascist;Islamic Party;x
HAR_liberal;Reform Faction;x
HAR_reactionary;Religious Faction;x
HAR_socialist;Socialist Party;x
HAW_anarcho_liberal;Radicals;x
HAW_communist;Communists;x
HAW_conservative;Royalists;x
HAW_fascist;Fascists;x
HAW_liberal;Monarchists;x
HAW_liberal_2;Constitutionalists;x
HAW_reactionary;Nationalists;x
HAW_socialist;Socialists;x
HEK_anarcho_liberal;Radikale Arbeiterpartei;x
HEK_communist;Kommunistische Arbeiterpartei;x
HEK_conservative;Zentrumspartei;x
HEK_conservative_2;Konservative Partei;x
HEK_conservative_3;Christsoz. Arbeiterpartei;x
HEK_fascist;NSDP;x
HEK_liberal;Liberaldem. Partei;x
HEK_liberal_2;Nationalliberale ;x
HEK_liberal_3;Freisinnige Partei;x
HEK_reactionary;Nationale Partei;x
HEK_socialist;Deutscher Arbeiterverein;x
HEK_socialist_2;Sozialdem. Arbeiterpartei ;x
HEK_socialist_3;Sozial. Arbeiterpartei ;x
HND_anarcho_liberal;Freedom Party;x
HND_communist;Communist Party;x
HND_conservative;Nationalist Congress Party;x
HND_fascist;Unity Party;x
HND_liberal;Independence Party;x
HND_reactionary;National Front;x
HND_socialist;Indian National Congress;x
HNN_anarcho_liberal;Freedom Party;x
HNN_communist;Chinese Communist Party;x
HNN_conservative;Kuomintang Faction;x
HNN_fascist;Fascist Party;x
HNN_liberal;Liberal Party;x
HNN_reactionary;Beiyang Faction;x
HNN_socialist;Socialist Party;x
HOL_anarcho_liberal;Radicale Partij;x
HOL_communist;Social-Democratische Bond;x
HOL_communist_2;Communist Partij;x
HOL_conservative;Conservatieven;x
HOL_fascist;Verbond Van Actualisten;x
HOL_liberal;Liberale Partij ;x
HOL_liberal_2;Liberale Unie;x
HOL_liberal_3;Rooms-Katholieke ;x
HOL_liberal_4;Christelijk Historische;x
HOL_liberal_5;Vrije Liberalen;x
HOL_reactionary;Nationalist Partij;x
HOL_socialist;Social-Demo. Partij;x
HOL_socialist_1;Sociaal-Democratische Vereeniging;x
HOL_socialist_2;Sociaal-Democratische Bond;x
HOL_socialist_3;Sociaal Democratische Arbeiders Partij;x
HON_anarcho_liberal;Partido Radical;x
HON_communist;Partido Comunista;x
HON_conservative;Partido Conservador;x
HON_conservative_2;Partido Nacional;x
HON_fascist;Partido Fascista;x
HON_liberal;Partido Liberal;x
HON_liberal_2;Liberal de Honduras;x
HON_reactionary;Partido Nacionalista;x
HON_socialist;Partido Socialista;x
HUI_anarcho_liberal;Freedom Party;x
HUI_communist;Chinese Communist Party;x
HUI_conservative;Kuomintang Faction;x
HUI_fascist;Fascist Party;x
HUI_liberal;Liberal Party;x
HUI_reactionary;Beiyang Faction;x
HUI_socialist;Socialist Party;x
HUN_anarcho_liberal;Balközép Párt;x
HUN_communist;Kommunisták Magyarországi;x
HUN_conservative;Függetlenségi Párt;x
HUN_conservative_2;Catholic People's Party;x
HUN_conservative_3;Rumanian National Party;x
HUN_conservative_4;Croat State Party ;x
HUN_fascist;Nyilaskeresztes Párt Hungarista Mozgalom;x
HUN_liberal;Deák-párt;x
HUN_liberal_2;Szabadelvű Párt;x
HUN_liberal_3;Országos Polgári Radikáli;x
HUN_reactionary;Egyesült Ellenzéki ;x
HUN_reactionary_2;Mérsékelt Ellenzéki ;x
HUN_socialist;Általános Munkáspárt ;x
HUN_socialist_2;Magyarországi Szociáldem.;x
HUN_socialist_3;Újjászervezett Szociáldem.;x
HUN_socialist_4;Kisgazda Párt;x
HYD_anarcho_liberal;The Radical Faction;x
HYD_communist;The Communist Faction;x
HYD_conservative;Royal Faction;x
HYD_fascist;The Fascist Faction;x
HYD_liberal;The Liberal Faction;x
HYD_reactionary;The Nationalist Faction;x
HYD_socialist;The Socialist Faction;x
IMG_conservative_2;Amban's Faction;x
IMG_fascist_dictatorship;Mengjiang;x
IMG_fascist_dictatorship_ADJ;Mengjiang;x
IMG_liberal_2;Amban's Faction;x
IMG_reactionary_2;Amban's Faction;x
IND_anarcho_liberal;The Radical Faction;x
IND_communist;The Communist Faction;x
IND_conservative;Royal Faction;x
IND_fascist;The Fascist Faction;x
IND_liberal;The Liberal Faction;x
IND_reactionary;The Nationalist Faction;x
IND_socialist;The Socialist Faction;x
INO_anarcho_liberal;Partai Nasdem;x
INO_communist;Partai Komunis Indonesia;x
INO_conservative;Partai Golongan Karya;x
INO_fascist;Partai Gerakan Indonesia Raya;x
INO_liberal;Partai Majelis Syuro Muslimin Indonesia;x
INO_liberal_2;Partai Demokrat;x
INO_reactionary;Nahdlatul Ulama;x
INO_socialist;Partai Sosialis Indonesia;x
INO_socialist_2;Partai Nasional Indonesia;x
IRE_anarcho_liberal;Sinn Fein;x
IRE_communist;Communist Party of Ireland;x
IRE_conservative;Irish Conservative Party;x
IRE_fascist;The Blueshirts;x
IRE_liberal;Whig Party;x
IRE_liberal_2;Repealers;x
IRE_liberal_3;Independent Opposition Party;x
IRE_liberal_4;Liberal Party;x
IRE_liberal_5;Liberal Party;x
IRE_liberal_6;Irish Nationalist Party;x
IRE_reactionary;Unionist Party;x
IRE_socialist;Labour Party;x
IRQ_anarcho_liberal;Freedom Party;x
IRQ_communist;Communist Party;x
IRQ_conservative;Conservative Party;x
IRQ_fascist;Unity Party;x
IRQ_liberal;Liberal Party;x
IRQ_reactionary;Hashemite Faction;x
IRQ_socialist;Baath Party;x
ISR_anarcho_liberal;Tzionim Klaliym;x
ISR_communist;HaMiflega HaKomunistit HaYisraelit;x
ISR_conservative;Herut;x
ISR_fascist;Brit HaBirionim;x
ISR_liberal;Miflaga Progresivit;x
ISR_reactionary;Hazit Datit Meuhedet;x
ISR_socialist;Mifleget Poalei Eretz Yisrael;x
ITA_anarcho_liberal;L'Estrema Liberale;x
ITA_communist;Partito Comunista d'Italia;x
ITA_conservative;La Destra;x
ITA_conservative_2;Partito Liberale Italiano;x
ITA_conservative_3;Sinistra Dissidente;x
ITA_fascist;Partito Nazionale Fascista;x
ITA_liberal;La Sinistra;x
ITA_liberal_2;Partito Repubblicano Italiano;x
ITA_reactionary;Fazione Monarchica;x
ITA_socialist;L'Estrema;x
ITA_socialist_2;Partito Socialista Italiano;x
JAI_anarcho_liberal;The Radical Faction;x
JAI_communist;The Communist Faction;x
JAI_conservative;Royal Faction;x
JAI_fascist;The Fascist Faction;x
JAI_liberal;The Liberal Faction;x
JAI_reactionary;The Nationalist Faction;x
JAI_socialist;The Socialist Faction;x
JAL_anarcho_liberal;Radical Faction;x
JAL_communist;Communist Faction;x
JAL_conservative;Almami's Faction;x
JAL_fascist;Fascist Faction;x
JAL_liberal;Liberal Faction;x
JAL_reactionary;The Jihadis;x
JAL_socialist;Socialist Faction;x
JAM_anarcho_liberal;Radical Party;x
JAM_communist;Worker's Party;x
JAM_conservative;Conservative Party;x
JAM_fascist;Fascist Party;x
JAM_liberal;Liberal Party;x
JAM_reactionary;Alliance for National Unity;x
JAM_socialist;People's Political Party;x
JAN_anarcho_liberal;International Monetary Fund;x
JAN_communist;IMF;x
JAN_conservative;IMF;x
JAN_fascist;IMF;x
JAN_liberal;IMF;x
JAN_reactionary;Strid Partiet;x
JAN_socialist;IMF;x
JAS_anarcho_liberal;The Radical Faction;x
JAS_communist;The Communist Faction;x
JAS_conservative;Royal Faction;x
JAS_fascist;The Fascist Faction;x
JAS_liberal;The Liberal Faction;x
JAS_reactionary;The Nationalist Faction;x
JAS_socialist;The Socialist Faction;x
JAV_anarcho_liberal;The Radical Faction;x
JAV_communist;The Communist Faction;x
JAV_conservative;Royal Faction;x
JAV_fascist;The Fascist Faction;x
JAV_liberal;The Liberal Faction;x
JAV_reactionary;The Nationalist Faction;x
JAV_socialist;The Socialist Faction;x
JOD_anarcho_liberal;The Radical Faction;x
JOD_communist;The Communist Faction;x
JOD_conservative;Royal Faction;x
JOD_fascist;The Fascist Faction;x
JOD_liberal;The Liberal Faction;x
JOD_reactionary;The Nationalist Faction;x
JOD_socialist;The Socialist Faction;x
JOH_anarcho_liberal;The Radical Faction;x
JOH_communist;The Communist Faction;x
JOH_conservative;Royal Faction;x
JOH_fascist;The Fascist Faction;x
JOH_liberal;The Liberal Faction;x
JOH_reactionary;The Nationalist Faction;x
JOH_socialist;The Socialist Faction;x
JOR_anarcho_liberal;Al Anarkiliberali;x
JOR_communist;Al-Hizb al-Shuyui al-Urduni;x
JOR_conservative;Hizb al-Wasat al-Islami;x
JOR_fascist;Hizb al-Mustaqbal;x
JOR_liberal;Yasari-d-al-Dimaqrati al-Urduni;x
JOR_reactionary;Hizb al-Hashemiyya al-Urduni;x
JOR_socialist;Hizb al-Baath al-Ishtiraki al-Urduni;x
KAF_anarcho_liberal;Freedom Faction;x
KAF_communist;Communist Faction;x
KAF_conservative;Royal faction;x
KAF_fascist;Fascist Faction;x
KAF_liberal;Reform Faction;x
KAF_reactionary;Traditionalist faction;x
KAF_socialist;Socialist Faction;x
KAL_anarcho_liberal;The Radical Faction;x
KAL_communist;The Communist Faction;x
KAL_conservative;Royal Faction;x
KAL_fascist;The Fascist Faction;x
KAL_liberal;The Liberal Faction;x
KAL_reactionary;The Nationalist Faction;x
KAL_socialist;The Socialist Faction;x
KAS_anarcho_liberal;The Radical Faction;x
KAS_communist;The Communist Faction;x
KAS_conservative;Royal Faction;x
KAS_fascist;The Fascist Faction;x
KAS_liberal;The Liberal Faction;x
KAS_reactionary;The Nationalist Faction;x
KAS_socialist;The Socialist Faction;x
KAZ_anarcho_liberal;The Libertains;x
KAZ_communist;The Communists;x
KAZ_conservative;The Conservatives;x
KAZ_fascist;The Nationalists;x
KAZ_liberal;The Liberals;x
KAZ_reactionary;The Khanate Faction;x
KAZ_socialist;The Socialists;x
KBO_anarcho_liberal;Freedom Faction;x
KBO_communist;Communist Faction;x
KBO_conservative;Mai Faction;x
KBO_fascist;Greater Kanem-Bornu Faction;x
KBO_liberal;Reform Faction;x
KBO_reactionary;Religious Faction;x
KBO_socialist;People's welfare Faction;x
KDS_anarcho_liberal;Terakkipeweran;x
KDS_communist;Komala;x
KDS_conservative;Meclis-i Mîran;x
KDS_conservative_2;Partiya Kurdistane;x
KDS_fascist;Jiyanewe;x
KDS_liberal;Azadi;x
KDS_liberal_2;Hevî;x
KDS_liberal_3;Yeketî Nistîman;x
KDS_reactionary;Meclis-i Mesayih;x
KDS_reactionary_2;Bizutnawai Islami;x
KDS_socialist;Partiya Karkeren;x
KDS_socialist_2;Partiya Zahmatkesan;x
KHI_anarcho_liberal;The Radical Faction;x
KHI_communist;The Communist Faction;x
KHI_conservative;Royal Faction;x
KHI_fascist;The Fascist Faction;x
KHI_liberal;The Liberal Faction;x
KHI_reactionary;The Nationalist Faction;x
KHI_socialist;The Socialist Faction;x
KMT_anarcho_liberal;Republicans;x
KMT_communist;Communist Party of China;x
KMT_conservative;Imperial Faction;x
KMT_conservative_2;Zhiqiang;x
KMT_conservative_4;Kuomintang Chiang;x
KMT_fascist;Fascists;x
KMT_liberal;Reformers;x
KMT_liberal_2;Kuomintang Sun;x
KMT_liberal_3;Feng Yuxiang;x
KMT_reactionary;Kuomintang;x
KMT_socialist;Socialists;x
KNG_anarcho_liberal;Radical Faction;x
KNG_communist;Communist Faction;x
KNG_conservative;Fama's Faction;x
KNG_fascist;Fascist Faction;x
KNG_liberal;Liberal Faction;x
KNG_reactionary;Religious Faction;x
KNG_socialist;Socialist Faction;x
KOK_anarcho_liberal;The Radical Faction;x
KOK_communist;The Communist Faction;x
KOK_conservative;Royal Faction;x
KOK_fascist;The Fascist Faction;x
KOK_liberal;The Liberal Faction;x
KOK_reactionary;The Nationalist Faction;x
KOK_socialist;The Socialist Faction;x
KON_anarcho_liberal;Radical Faction;x
KON_communist;Communist Faction;x
KON_conservative;MweneKongo Faction;x
KON_fascist;Fascist Faction;x
KON_liberal;Reform Faction;x
KON_reactionary;Religious Faction;x
KON_socialist;Socialist Faction;x
KOR_anarcho_liberal;Radicals;x
KOR_communist;Communist;x
KOR_conservative;Tong Hak;x
KOR_conservative_2;Royalist;x
KOR_fascist;Fascist;x
KOR_liberal;Taewon'gun;x
KOR_liberal_2;Pro-Japanese;x
KOR_liberal_3;Liberals;x
KOR_reactionary;Conservatives;x
KOR_socialist;Socialist;x
KRA_anarcho_liberal;Radical Party;x
KRA_communist;Communist Party;x
KRA_conservative;Catholic Party;x
KRA_conservative_2;Agrarian Party;x
KRA_conservative_3;Nationalist Party;x
KRA_fascist;Fascist Party;x
KRA_liberal;Liberal Party;x
KRA_reactionary;Reactionary Party;x
KRA_socialist;Worker's Alliance;x
KRN_anarcho_liberal;The Radical Faction;x
KRN_communist;The Communist Faction;x
KRN_conservative;Royal Faction;x
KRN_fascist;The Fascist Faction;x
KRN_fascist_dictatorship;Tamil Nadu;x
KRN_fascist_dictatorship_ADJ;Tamil;x
KRN_liberal;The Liberal Faction;x
KRN_reactionary;The Nationalist Faction;x
KRN_socialist;The Socialist Faction;x
KTI_anarcho_liberal;The Radical Faction;x
KTI_communist;The Communist Faction;x
KTI_conservative;Royal Faction;x
KTI_fascist;The Fascist Faction;x
KTI_liberal;The Liberal Faction;x
KTI_reactionary;The Nationalist Faction;x
KTI_socialist;The Socialist Faction;x
KUT_anarcho_liberal;The Radical Faction;x
KUT_communist;The Communist Faction;x
KUT_conservative;Royal Faction;x
KUT_fascist;The Fascist Faction;x
KUT_liberal;The Liberal Faction;x
KUT_reactionary;The Nationalist Faction;x
KUT_socialist;The Socialist Faction;x
LAD_anarcho_liberal;The Radical Faction;x
LAD_communist;The Communist Faction;x
LAD_conservative;Royal Faction;x
LAD_fascist;The Fascist Faction;x
LAD_liberal;The Liberal Faction;x
LAD_reactionary;The Nationalist Faction;x
LAD_socialist;The Socialist Faction;x
LAN_anarcho_liberal;Radical Kongsi;x
LAN_communist;The Communist Kongsi;x
LAN_conservative;Conservative Kongsi;x
LAN_fascist;Fascist Kongsi;x
LAN_liberal;Liberal Kongsi;x
LAN_reactionary;Nationalist Kongsi;x
LAN_socialist;Socialist Kongsi;x
LIB_anarcho_liberal;Radical Party;x
LIB_communist;Communist Party;x
LIB_conservative;Republican Party;x
LIB_conservative_2;Democratic Party;x
LIB_fascist;Fascist Party;x
LIB_liberal;True Whig Party;x
LIB_liberal_2;Pan-African Party;x
LIB_reactionary;Nationalist Party;x
LIB_socialist;African Revolutionary Party;x
LIP_anarcho_liberal;Radikale Arbeiterpartei;x
LIP_communist;Kommunistische Arbeiterpartei;x
LIP_conservative;Zentrumspartei;x
LIP_conservative_2;Konservative Partei;x
LIP_conservative_3;Christsoz. Arbeiterpartei;x
LIP_fascist;NSDP;x
LIP_liberal;Liberaldem. Partei;x
LIP_liberal_2;Nationalliberale ;x
LIP_liberal_3;Freisinnige Partei;x
LIP_reactionary;Nationale Partei;x
LIP_socialist;Deutscher Arbeiterverein;x
LIP_socialist_2;Sozialdem. Arbeiterpartei ;x
LIP_socialist_3;Sozial. Arbeiterpartei ;x
LIT_anarcho_liberal;Tautos Pa?angos Partija;x
LIT_communist;Lietuvos Komunistu Partija;x
LIT_conservative;Lietuvos Darbo Federacija;x
LIT_conservative_2;LKDP;x
LIT_fascist;Lietuvos ?auliu Sajunga;x
LIT_liberal;Lietuviu Demokratu Partij;x
LIT_liberal_2;Lietuvos Valstieciu Liaudininku Sajunga;x
LIT_reactionary;Monarchizmas Frakcija;x
LIT_reactionary_2;Lietuviu Tautininku Sajunga;x
LIT_socialist;LSDP;x
LOA_anarcho_liberal;Radical Faction;x
LOA_communist;Communist Faction;x
LOA_conservative;Ma Lwaagu's Faction;x
LOA_fascist;Fascist Faction;x
LOA_liberal;Reform Faction;x
LOA_reactionary;Traditions Faction;x
LOA_socialist;Socialist Faction;x
LOM_anarcho_liberal;Radicali;x
LOM_communist;Rivoluzionari;x
LOM_conservative;Transigenti;x
LOM_fascist;Fascisti;x
LOM_liberal;Intransigenti;x
LOM_reactionary;Monarchici;x
LOM_reactionary_2;Cattolici;x
LOM_socialist;Socialisti;x
LPL_communist;Union of Río Plata;x
LPL_fascist;Río de la Plata;x
LUA_anarcho_liberal;The Radical Faction;x
LUA_communist;The Communist Faction;x
LUA_conservative;Royal Faction;x
LUA_fascist;The Fascist Faction;x
LUA_liberal;The Liberal Faction;x
LUA_reactionary;The Nationalist Faction;x
LUA_socialist;The Socialist Faction;x
LUB_anarcho_liberal;Radikale Arbeiterpartei;x
LUB_communist;Communist Arbeiterpartie;x
LUB_conservative;Zentrumspartei;x
LUB_conservative_2;Konservative Partei;x
LUB_conservative_3;Christsoz. Arbeiterpartei;x
LUB_fascist;NSDP;x
LUB_liberal;Liberaldem. Partei;x
LUB_liberal_2;Nationalliberale ;x
LUB_liberal_3;Freisinnige Partei;x
LUB_reactionary;Nationale Partei;x
LUB_socialist;Deutscher Arbeiterverein;x
LUB_socialist_2;Sozialdem. Arbeiterpartei ;x
LUB_socialist_3;Sozial. Arbeiterpartei ;x
LUC_anarcho_liberal;Radicali;x
LUC_communist;Comunisti;x
LUC_conservative;Moderati ;x
LUC_conservative_2;Popolari;x
LUC_fascist;Fascisti;x
LUC_liberal;Riformisti ;x
LUC_liberal_2;Liberale;x
LUC_reactionary;Restaurazionisti;x
LUC_socialist;Socialisti;x
LUX_anarcho_liberal;Radical Fraktion;x
LUX_communist;Communist Fraktion;x
LUX_conservative;Konservative Fraktion;x
LUX_fascist;Fascist Fraktion;x
LUX_liberal;Liberale Fraktion;x
LUX_reactionary;Nationalist Fraktion;x
LUX_socialist;Sozialist Fraktion;x
MAD_anarcho_liberal;The Radical Faction;x
MAD_communist;The Communist Faction;x
MAD_conservative;Royal Faction;x
MAD_fascist;The Fascist Faction;x
MAD_liberal;The Liberal Faction;x
MAD_reactionary;The Nationalist Faction;x
MAD_socialist;The Socialist Faction;x
MAH_anarcho_liberal;The Radical Faction;x
MAH_communist;Communist Faction;x
MAH_conservative;Royal Faction;x
MAH_fascist;The Fascist Faction;x
MAH_liberal;The Liberal Faction;x
MAH_reactionary;The Nationalist Faction;x
MAH_socialist;The Socialist Faction;x
MAJ_anarcho_liberal;The Radical Faction;x
MAJ_communist;The Communist Faction;x
MAJ_conservative;Sheikal Faction;x
MAJ_fascist;The Islamic Faction;x
MAJ_liberal;The Liberal Faction;x
MAJ_reactionary;The Nationalist Faction;x
MAJ_socialist;The Socialist Faction;x
MAK_anarcho_liberal;The Radical Faction;x
MAK_communist;The Communist Faction;x
MAK_conservative;Royal Faction;x
MAK_fascist;The Fascist Faction;x
MAK_liberal;The Liberal Faction;x
MAK_reactionary;The Nationalist Faction;x
MAK_socialist;The Socialist Faction;x
MAS_anarcho_liberal;Radical Faction;x
MAS_communist;Communist Faction;x
MAS_conservative;Royal Faction;x
MAS_fascist;Fascist Faction;x
MAS_liberal;Liberal Faction;x
MAS_reactionary;The Jihadis;x
MAS_socialist;Socialist Faction;x
MAT_anarcho_liberal;Radical Faction;x
MAT_communist;Communist Faction;x
MAT_conservative;Royal Faction;x
MAT_fascist;Fascist Faction;x
MAT_liberal;Reform Faction;x
MAT_reactionary;Empire Faction;x
MAT_socialist;Socialist Faction;x
MCK_anarcho_liberal;A Very Unlikely Candidate;x
MCK_communist;Chinese Communist Party;x
MCK_conservative;Palace Faction;x
MCK_fascist;Fascist Party;x
MCK_fascist_dictatorship;Manzhouguo;x
MCK_liberal;Liberal Party;x
MCK_reactionary;Restoration Faction;x
MCK_socialist;Manchu Socialist Party;x
MEC_anarcho_liberal;Radikale Arbeiterpartei;x
MEC_communist;Kommunistische Arbeiterpartei;x
MEC_conservative;Zentrumspartei;x
MEC_conservative_2;Konservative Partei;x
MEC_conservative_3;Christsoz. Arbeiterpartei;x
MEC_fascist;NSDP;x
MEC_liberal;Liberaldem. Partei;x
MEC_liberal_2;Nationalliberale ;x
MEC_liberal_3;Freisinnige Partei;x
MEC_reactionary;Nationale Partei;x
MEC_socialist;Deutscher Arbeiterverein;x
MEC_socialist_2;Sozialdem. Arbeiterpartei ;x
MEC_socialist_3;Sozial. Arbeiterpartei ;x
MEI_anarcho_liberal;Radikale Arbeiterpartei;x
MEI_communist;Kommunistische Arbeiterpartei;x
MEI_conservative;Zentrumspartei;x
MEI_conservative_2;Konservative Partei;x
MEI_conservative_3;Christsoz. Arbeiterpartei;x
MEI_fascist;NSDP;x
MEI_liberal;Liberaldem. Partei;x
MEI_liberal_2;Nationalliberale ;x
MEI_liberal_3;Freisinnige Partei;x
MEI_reactionary;Nationale Partei;x
MEI_socialist;Deutscher Arbeiterverein;x
MEI_socialist_2;Sozialdem. Arbeiterpartei ;x
MEI_socialist_3;Sozial. Arbeiterpartei ;x
MEW_anarcho_liberal;The Radical Faction;x
MEW_communist;The Communist Faction;x
MEW_conservative;Royal Faction;x
MEW_fascist;The Fascist Faction;x
MEW_liberal;The Liberal Faction;x
MEW_reactionary;The Nationalist Faction;x
MEW_socialist;The Socialist Faction;x
MEX_anarcho_liberal;Partido Federalista;x
MEX_communist;Partido Socialista Obrero;x
MEX_conservative;Partido Conservador;x
MEX_conservative_2;Partido Moderado Liberal;x
MEX_conservative_3;Partido Constitucionalista;x
MEX_fascist;Unión Nacional Sinarquista;x
MEX_liberal;Partido Liberal;x
MEX_liberal_2;Partido Radical Liberal;x
MEX_liberal_3;Partido Progresista;x
MEX_liberal_4;Partido Antireelecionista;x
MEX_reactionary;Partido Imperialista;x
MEX_socialist;Partido Laborista Mexicano;x
MGL_anarcho_liberal;Freedom Party;x
MGL_communist;Communist Party;x
MGL_conservative;Conservative Party;x
MGL_fascist;Unity Party;x
MGL_liberal;Liberal Party;x
MGL_reactionary;Lama Faction;x
MGL_socialist;Socialist Party;x
MLI_anarcho_liberal;Party for Unity, Democracy and Progress;x
MLI_communist;Party of Labour;x
MLI_conservative;Progressive Party;x
MLI_fascist;Patriotic Movement for Renewal;x
MLI_liberal;African Regroupment Party;x
MLI_reactionary;UDPM;x
MLI_socialist;Alliance for Democracy;x
MOD_anarcho_liberal;Radicali;x
MOD_communist;Comunisti;x
MOD_conservative;Moderati ;x
MOD_conservative_2;Popolari;x
MOD_fascist;Fascisti;x
MOD_liberal;Riformisti ;x
MOD_liberal_2;Liberali;x
MOD_reactionary;Restaurazionisti;x
MOD_socialist;Socialisti;x
MOL_anarcho_liberal;Partidul Radical;x
MOL_communist;Partidul Communist;x
MOL_conservative;Partidul Conservator;x
MOL_conservative_2;Partidul Taranesc;x
MOL_conservative_3;Partidul Conservator Democrat;x
MOL_fascist;Garda de Fier;x
MOL_liberal;Partida Nationala;x
MOL_liberal_2;Partidul Liberal;x
MOL_reactionary;Partida Boiereasca;x
MOL_reactionary_2;Partidul Nationalist Democrat;x
MOL_socialist;Partidul Social  Democrat;x
MON_anarcho_liberal;The Radical Faction;x
MON_communist;The Communist Faction;x
MON_conservative;Royal Faction;x
MON_fascist;The Fascist Faction;x
MON_liberal;The Liberal Faction;x
MON_reactionary;The Nationalist Faction;x
MON_socialist;The Socialist Faction;x
MOR_anarcho_liberal;The Radical Faction;x
MOR_communist;The Communist Faction;x
MOR_conservative;Royal Faction;x
MOR_fascist;The Fascist Faction;x
MOR_liberal;The Liberal Faction;x
MOR_reactionary;The Nationalist Faction;x
MOR_socialist;The Socialist Faction;x
MOS_anarcho_liberal;Radical Party;x
MOS_communist;Communist Party;x
MOS_conservative;Mogho Naba Faction;x
MOS_fascist;Fascist Party;x
MOS_fascist_dictatorship;Upper Volta;x
MOS_fascist_dictatorship_ADJ;Upper Voltan;x
MOS_liberal;Reform Faction;x
MOS_reactionary;Traditional Faction;x
MOS_socialist;Socialist Party;x
MUG_anarcho_liberal;The Radical Party;x
MUG_communist;The Communist Party;x
MUG_conservative;Mir Saman;x
MUG_fascist;The Fascist Party;x
MUG_fascist_dictatorship;Gurkani Republic;x
MUG_liberal;Hanafi;x
MUG_reactionary;Mir Bakshi;x
MUG_socialist;The Socialist Party;x
MYS_anarcho_liberal;The Radical Faction;x
MYS_communist;The Communist Faction;x
MYS_conservative;Royal Faction;x
MYS_fascist;The Fascist Faction;x
MYS_liberal;The Liberal Faction;x
MYS_reactionary;The Nationalist Faction;x
MYS_socialist;The Socialist Faction;x
NAG_anarcho_liberal;The Radical Faction;x
NAG_communist;The Communist Faction;x
NAG_conservative;Royal Faction;x
NAG_fascist;The Fascist Faction;x
NAG_liberal;The Liberal Faction;x
NAG_reactionary;The Nationalist Faction;x
NAG_socialist;The Socialist Faction;x
NAL_anarcho_liberal;The Radical Party;x
NAL_communist;The Communist Party;x
NAL_conservative;Voortrekker Partei;x
NAL_conservative_2;Boeren Partei;x
NAL_fascist;The Fascist Party;x
NAL_liberal;The Liberal Party;x
NAL_reactionary;The Nationalist Party;x
NAL_socialist;The Socialist Party;x
NAS_anarcho_liberal;Radikale Arbeiterpartei;x
NAS_communist;Kommunistische Arbeiterpartei;x
NAS_conservative;Zentrumspartei;x
NAS_conservative_2;Konservative Partei;x
NAS_conservative_3;Christsoz. Arbeiterpartei;x
NAS_fascist;NSDP;x
NAS_liberal;Liberaldem. Partei;x
NAS_liberal_2;Nationalliberale ;x
NAS_liberal_3;Freisinnige Partei;x
NAS_reactionary;Nationale Partei;x
NAS_socialist;Deutscher Arbeiterverein;x
NAS_socialist_2;Sozialdem. Arbeiterpartei ;x
NAS_socialist_3;Sozial. Arbeiterpartei ;x
NEJ_anarcho_liberal;Al-Hizb al-Metterf;x
NEJ_communist;Al-Hizb al-Shuyu'i;x
NEJ_conservative;Al-Sa'ud;x
NEJ_fascist;Al-Hizb al-Fashy;x
NEJ_liberal;Al-Ahrar;x
NEJ_reactionary;Al-Da'wa al-Wahhabiyyah;x
NEJ_socialist;Hizb al-Ba'ath al-'Arabi al-Ishtiraki;x
NEN_anarcho_liberal;Radical;x
NEN_communist;Communist;x
NEN_conservative;Democratic;x
NEN_fascist;Fascist;x
NEN_liberal;Federalist;x
NEN_liberal_2;Progressive;x
NEN_reactionary;Nationalist;x
NEN_socialist;United Socialist;x
NEP_anarcho_liberal;The Radical Faction;x
NEP_communist;The Communist Faction;x
NEP_conservative;Royal Faction;x
NEP_fascist;The Fascist Faction;x
NEP_liberal;The Liberal Faction;x
NEP_reactionary;The Nationalist Faction;x
NEP_socialist;The Socialist Faction;x
NET_conservative;Anti-Revolutionaire Partij;x
NEW_anarcho_liberal;Radical Party;x
NEW_communist;The Communist Faction;x
NEW_conservative;Conservative Party;x
NEW_fascist;Fascist Party;x
NEW_liberal;Liberal Party;x
NEW_reactionary;Nationalist Party;x
NEW_socialist;Fisherman's Protective Union;x
NGF_anarcho_liberal;Radikale Arbeiterpartei;x
NGF_communist;Kommunistische Arbeiterpartei;x
NGF_conservative;Konservative Partei;x
NGF_conservative_2;Zentrumspartei;x
NGF_conservative_3;Christsoz. Arbeiterpartei;x
NGF_fascist;NSDP;x
NGF_liberal;Liberaldem. Partei;x
NGF_liberal_2;Nationalliberale ;x
NGF_liberal_3;Freisinnige Partei;x
NGF_reactionary;Nationale Partei;x
NGF_socialist;Deutscher Arbeiterverein;x
NGF_socialist_2;Sozialdem. Arbeiterpartei ;x
NGF_socialist_3;Sozial. Arbeiterpartei ;x
NIC_anarcho_liberal;Partido Radical;x
NIC_communist;Partido Comunista;x
NIC_conservative;Partido Conservador;x
NIC_fascist;Partido Fascista;x
NIC_liberal;Partido Liberal;x
NIC_reactionary;Partido Nacionalista;x
NIC_socialist;Partido Socialista;x
NIG_anarcho_liberal;;x
NIG_communist;Progressive Party;x
NIG_conservative;Democratic and Social Convention;x
NIG_fascist;Party for People's Dignity;x
NIG_liberal;UPDP;x
NIG_reactionary;Sanusiya Sufi;x
NIG_socialist;Sawaba;x
NOR_anarcho_liberal;Radicals;x
NOR_anarcho_liberal_2;Arbeiderdemokratene;x
NOR_communist;Communists;x
NOR_communist_2;Det Norske Arbeiderparti;x
NOR_communist_3;Norges Kommunistiske Parti;x
NOR_conservative;Conservatives;x
NOR_conservative_2;Hryre;x
NOR_conservative_3;Moderate Venstre;x
NOR_conservative_4;Samlingspartiet;x
NOR_conservative_5;Frisinnede Venstre;x
NOR_conservative_6;Kristelig Folkeparti;x
NOR_fascist;Nationalists;x
NOR_fascist_2;Nasjonal Samling;x
NOR_liberal;Liberals;x
NOR_liberal_2;Venstre;x
NOR_liberal_3;Frisinnede Venstre ;x
NOR_liberal_4;Samlingspartiet ;x
NOR_liberal_5;Moderate Venstre;x
NOR_liberal_6;Bondevennene ;x
NOR_reactionary;Konge Partiet;x
NOR_socialist;Socialists;x
NOR_socialist_2;Det Norske Arbeiderparti;x
NOR_socialist_3;Norges Socialdemokratiske Arbeiderparti;x
NOR_socialist_4;Bondepartiet;x
OLD_anarcho_liberal;Radikale Arbeiterpartei;x
OLD_communist;Kommunistische Arbeiterpartei;x
OLD_conservative;Zentrumspartei;x
OLD_conservative_2;Konservative Partei;x
OLD_conservative_3;Christsoz. Arbeiterpartei;x
OLD_fascist;NSDP;x
OLD_liberal;Liberaldem. Partei;x
OLD_liberal_2;Nationalliberale ;x
OLD_liberal_3;Freisinnige Partei;x
OLD_reactionary;Nationale Partei;x
OLD_socialist;Deutscher Arbeiterverein;x
OLD_socialist_2;Sozialdem. Arbeiterpartei ;x
OLD_socialist_3;Sozial. Arbeiterpartei ;x
OMA_anarcho_liberal;The Radical Faction;x
OMA_communist;The Communist Faction;x
OMA_conservative;Royal Faction;x
OMA_fascist;The Fascist Faction;x
OMA_liberal;The Liberal Faction;x
OMA_reactionary;The Nationalist Faction;x
OMA_socialist;The Socialist Faction;x
ORA_anarcho_liberal;The Radical Party;x
ORA_communist;The Communist Party;x
ORA_conservative;Voortrekker Partei;x
ORA_conservative_2;Boeren Partei;x
ORA_fascist;The Fascist Party;x
ORA_liberal;The Liberal Party;x
ORA_reactionary;The Nationalist Partei;x
ORA_socialist;The Socialist Party;x
ORI_anarcho_liberal;The Radical Faction;x
ORI_communist;The Communist Faction;x
ORI_conservative;Royal Faction;x
ORI_fascist;The Fascist Faction;x
ORI_liberal;The Liberal Faction;x
ORI_reactionary;The Nationalist Faction;x
ORI_socialist;The Socialist Faction;x
OYO_anarcho_liberal;Radical Faction;x
OYO_communist;Communist Faction;x
OYO_conservative;Alaafin's Faction;x
OYO_fascist;Fascist Faction;x
OYO_liberal;Reform Faction;x
OYO_reactionary;Military Faction;x
OYO_socialist;People's Faction;x
PAK_anarcho_liberal;Awami National;x
PAK_communist;Pakistan People's Party;x
PAK_conservative;Jamaat-e-Islami Pakistan;x
PAK_fascist;Jamaat Ahle Sunnat;x
PAK_liberal;Pakistan Tehreek-e-Insaf;x
PAK_liberal_2;Muttahida Qaumi;x
PAK_reactionary;Jamiat Ulema-e-Islam;x
PAK_socialist;Pakistan Awami Tehreek;x
PAK_socialist_2;Kull Pakistan Kissan;x
PAP_anarcho_liberal;Republicani;x
PAP_communist;Radicali Socialisti;x
PAP_conservative;Moderati ;x
PAP_fascist;Fascisti;x
PAP_liberal;Liberale;x
PAP_reactionary;Restaurazionisti;x
PAP_socialist;Socialisti Cristiani;x
PAR_anarcho_liberal;Radicali;x
PAR_communist;Comunisti;x
PAR_conservative;Moderati ;x
PAR_conservative_2;Popolari;x
PAR_fascist;Fascisti;x
PAR_liberal;Riformisti ;x
PAR_liberal_2;Liberali;x
PAR_reactionary;Restaurazionisti;x
PAR_socialist;Socialisti;x
PER_anarcho_liberal;Bazaari Faction;x
PER_communist;Tudeh Party of Iran;x
PER_conservative;Shahist Faction;x
PER_fascist;SUMKA;x
PER_liberal;Constitutionalist Party;x
PER_liberal_2;National Front;x
PER_reactionary;Ulama Faction;x
PER_socialist;Hizb-e Socialyist;x
PEU_anarcho_liberal;Partido Radical;x
PEU_communist;Partido Comunista;x
PEU_conservative;Partido Popular;x
PEU_fascist;Partido Fascista;x
PEU_liberal;Partido Liberal;x
PEU_reactionary;Partido Nacionalista;x
PEU_socialist;Partido Socialista;x
PHL_anarcho_liberal;Partido Libertad;x
PHL_communist;Partido Komunista;x
PHL_conservative;Partido Nacionalista;x
PHL_fascist;Partido Fascista;x
PHL_liberal;Partido Liberal;x
PHL_reactionary;Partido Tradicionalista;x
PHL_socialist;Partido Demokratiko;x
PLC_anarcho_liberal;Stronnictwo Radykalny;x
PLC_communist;Partia Socjaldemokracja;x
PLC_conservative;Str. Narodowo-Demokratyczne;x
PLC_fascist;Stronnictwo Narodowe;x
PLC_fascist_dictatorship;Polish-Lithuanian Republic;x
PLC_liberal;Stronnictwo Patriotyczne;x
PLC_reactionary;Konfederacja Targowicka;x
PLC_socialist;Partia Socjalistyczna;x
PLS_anarcho_liberal;Al Anarkiliberali;x
PLS_communist;Al Shiu'i;x
PLS_conservative;Al Muhafidh;x
PLS_fascist;Al Fashi;x
PLS_liberal;Al Mutaharir;x
PLS_reactionary;Al Raj'i;x
PLS_socialist;Al Ishtiraki;x
PNJ_anarcho_liberal;The Radical Faction;x
PNJ_communist;The Communist Faction;x
PNJ_conservative;Royal Faction;x
PNJ_fascist;The Fascist Faction;x
PNJ_fascist_dictatorship;Khalistan;x
PNJ_fascist_dictatorship_ADJ;Khalistani;x
PNJ_liberal;The Liberal Faction;x
PNJ_reactionary;The Nationalist Faction;x
PNJ_socialist;The Socialist Faction;x
PNK_conservative;Pontianaki Faction;x
PNK_liberal;Sambas Faction;x
PNK_reactionary;Mempawah Faction;x
PNM_anarcho_liberal;Partido Radical;x
PNM_communist;Partido Comunista;x
PNM_conservative;Partido Conservador;x
PNM_fascist;Partido Fascista;x
PNM_liberal;Partido Liberal;x
PNM_reactionary;Partido Nacionalista;x
PNM_socialist;Partido Socialista;x
POL_anarcho_liberal;The Radical Faction;x
POL_communist;The Communist Faction;x
POL_conservative;Royal Faction;x
POL_fascist;ONR-Falanga;x
POL_liberal;The Liberal Faction;x
POL_reactionary;The Nationalist Faction;x
POL_socialist;The Socialist Faction;x
POR_anarcho_liberal;Partido Radical;x
POR_communist;Partido Comunista Portugues;x
POR_conservative;Cartismo;x
POR_conservative_2;Partido Regenerador;x
POR_fascist;Movimento Nacional-Sindicalista;x
POR_liberal;Setembrismo;x
POR_liberal_2;Partido Histórico;x
POR_liberal_3;Partido Progressista;x
POR_liberal_4;Partido Reformista;x
POR_liberal_5;Partido Republicano;x
POR_liberal_6;Regenerador Liberal;x
POR_liberal_7;Partido Democrático;x
POR_reactionary;Monárquicos;x
POR_socialist;Partido Socialista Portugues;x
PRG_anarcho_liberal;Partido Radical;x
PRG_communist;Partido Comunista;x
PRG_conservative;Conservadores;x
PRG_conservative_2;Partido Colorado;x
PRG_fascist;Partido Fascista;x
PRG_liberal;Liberales;x
PRG_liberal_2;Partido Liberal;x
PRG_reactionary;Autoritaristas;x
PRG_socialist;Partido Socialista;x
PRU_anarcho_liberal;Radikale Arbeiterpartei;x
PRU_communist;Kommunistische Arbeiterpartei;x
PRU_conservative;Konservative Partei;x
PRU_conservative_2;Zentrumspartei;x
PRU_conservative_3;Christsoz. Arbeiterpartei;x
PRU_fascist;NSDP;x
PRU_liberal;Liberaldem. Partei;x
PRU_liberal_2;Nationalliberale ;x
PRU_liberal_3;Freisinnige Partei;x
PRU_reactionary;Nationale Partei;x
PRU_socialist;Deutscher Arbeiterverein;x
PRU_socialist_2;Sozialdem. Arbeiterpartei ;x
PRU_socialist_3;Sozial. Arbeiterpartei ;x
QUE_anarcho_liberal;Parti Radical;x
QUE_communist;Parti Communist;x
QUE_conservative;Parti Conservateur;x
QUE_fascist;Parti Fascist;x
QUE_liberal;Parti Patriote;x
QUE_liberal_2;Parti Libéral;x
QUE_liberal_3;Parti Nationaliste;x
QUE_reactionary;Parti Nationalist;x
QUE_socialist;Parti Ouvrier;x
RGS_anarcho_liberal;Partido Libertador;x
RGS_communist;Partido Popular;x
RGS_conservative;Partido Republicano;x
RGS_fascist;Partido dos Pampas;x
RGS_liberal;Partido Federalista;x
RGS_reactionary;Partido Gaucho;x
RGS_socialist;Colorados;x
RHO_anarcho_liberal;Responsible Government Association;x
RHO_communist;ZAPU;x
RHO_conservative;Rhodesia Party;x
RHO_fascist;The When-Wes;x
RHO_liberal;United Federal Party;x
RHO_reactionary;Rhodesian Front;x
RHO_socialist;ZANU;x
ROM_anarcho_liberal;Partidul din Drepturile Omulu;x
ROM_communist;Partidul Comunist;x
ROM_conservative;Partidul Conservator;x
ROM_conservative_2;Partidul Taranesc;x
ROM_conservative_3;Partidul National Taranesc;x
ROM_fascist;Garda de Fier;x
ROM_liberal;Fractionistii;x
ROM_liberal_2;Partidul National Liberal;x
ROM_reactionary;Partidul National Roman;x
ROM_reactionary_2;Partidul Nationalist-Democrat;x
ROM_reactionary_3;Partidul Poporului;x
ROM_socialist;Partidul Social-Democrat;x
RUS_anarcho_liberal;Radicals;x
RUS_communist;Social Democratic;x
RUS_communist_2;Bolshevik;x
RUS_conservative;Slavophile;x
RUS_conservative_2;Octobrists;x
RUS_fascist;All-Russian Fascist Party;x
RUS_fascist_dictatorship;RuZZia;x
RUS_fascist_dictatorship_ADJ;RuZZian;x
RUS_liberal;Westerniser;x
RUS_liberal_2;Kadets;x
RUS_reactionary;Panslavic;x
RUS_socialist;Menshevik;x
RUS_socialist_2;Populists;x
RUS_socialist_3;Socialist Revolutionary;x
RUT_anarcho_liberal;The Radical Faction;x
RUT_communist;The Communist Faction;x
RUT_conservative;Royal Faction;x
RUT_fascist;The Fascist Faction;x
RUT_liberal;The Liberal Faction;x
RUT_reactionary;The Nationalist Faction;x
RUT_socialist;The Socialist Faction;x
SAF_anarcho_liberal;Radical Party;x
SAF_communist;Communist Party;x
SAF_conservative;Progressive Party;x
SAF_conservative_2;Unionist Party;x
SAF_conservative_3;National Party;x
SAF_fascist;Fascist Party;x
SAF_liberal;Afrikaner Bond;x
SAF_liberal_2;South African Party;x
SAF_reactionary;Nationalist Party;x
SAF_socialist;Labour Party;x
SAR_anarcho_liberal;Radicali;x
SAR_communist;Comunisti;x
SAR_conservative;Moderati;x
SAR_conservative_2;Popolari;x
SAR_fascist;Fascisti;x
SAR_liberal;Riformisti;x
SAR_liberal_2;Liberali;x
SAR_reactionary;Restaurazionisti;x
SAR_socialist;Socialisti;x
SAX_anarcho_liberal;Radikale Arbeiterpartei;x
SAX_communist;Kommunistische Arbeiterpartei;x
SAX_conservative;Zentrumspartei;x
SAX_conservative_2;Konservative Partei;x
SAX_conservative_3;Christsoz. Arbeiterpartei;x
SAX_fascist;The Fascist Faction;x
SAX_liberal;Liberaldem. Partei;x
SAX_liberal_2;Nationalliberale ;x
SAX_liberal_3;Freisinnige Partei;x
SAX_reactionary;Nationale Partei;x
SAX_socialist;Deutscher Arbeiterverein;x
SAX_socialist_2;Sozialdem. Arbeiterpartei ;x
SAX_socialist_3;Sozial. Arbeiterpartei ;x
SCA_anarcho_liberal;Anti-revoultionära partiet;x
SCA_communist;Proletära Kampförbundet;x
SCA_conservative;Högerpartiet;x
SCA_conservative_2;Norske Intressepartit;x
SCA_fascist;Nationalsocialistiska Blocket;x
SCA_liberal;Liberala Unionspartiet;x
SCA_liberal_2;Suomi Puolue;x
SCA_liberal_3;Bondeförbundet;x
SCA_liberal_4;Danske Unionspartit;x
SCA_reactionary;Monarkisterna;x
SCA_socialist;Unionssocialisterna;x
SCH_anarcho_liberal;Radikale Arbeiterpartei;x
SCH_communist;Kommunistische Arbeiterpartei;x
SCH_conservative;Zentrumspartei;x
SCH_conservative_2;Konservative Partei;x
SCH_conservative_3;Christsoz. Arbeiterpartei;x
SCH_fascist;NSDP;x
SCH_liberal;Liberaldem. Partei;x
SCH_liberal_2;Nationalliberale ;x
SCH_liberal_3;Freisinnige Partei;x
SCH_reactionary;Nationale Partei;x
SCH_socialist;Deutscher Arbeiterverein;x
SCH_socialist_2;Sozialdem. Arbeiterpartei ;x
SCH_socialist_3;Sozial. Arbeiterpartei ;x
SCO_anarcho_liberal;Radical Party;x
SCO_communist;Communist Party;x
SCO_conservative;Whig Party;x
SCO_conservative_2;Conservative Party;x
SCO_conservative_3;Unionist Party;x
SCO_fascist;Fascist Party;x
SCO_liberal;Liberal Party;x
SCO_liberal_2;Crofters' Party;x
SCO_reactionary;Nationalist Party;x
SCO_socialist;Labour Party;x
SEG_anarcho_liberal;Freedom Faction;x
SEG_communist;Communist Faction;x
SEG_conservative;Royal Faction;x
SEG_fascist;New Empire Faction;x
SEG_liberal;Reform Faction;x
SEG_reactionary;Traditional Faction;x
SEG_socialist;Socialist Faction;x
SER_anarcho_liberal;Anarho-Liberalno Stranka;x
SER_communist;Srpska Socijaldemokratska Partija;x
SER_conservative;Ustavobranitelji;x
SER_conservative_2;Konzervativna Stranka;x
SER_conservative_3;Srpska Napredna Stranka;x
SER_fascist;Narodna Odbrana;x
SER_liberal;Liberalna Stranka;x
SER_liberal_2;Narodna Radikalna Stranka;x
SER_reactionary;Nacionalna Stranka;x
SER_socialist;Samostalna Radikalna Stranka;x
SGF_anarcho_liberal;Radikale Arbeiterpartei;x
SGF_communist;Kommunistische Arbeiterpartei;x
SGF_conservative;Zentrumspartei;x
SGF_conservative_2;Konservative Partei;x
SGF_conservative_3;Christsoz. Arbeiterpartei;x
SGF_fascist;NSDP;x
SGF_liberal;Liberaldem. Partei;x
SGF_liberal_2;Nationalliberale ;x
SGF_liberal_3;Freisinnige Partei;x
SGF_reactionary;Nationale Partei;x
SGF_socialist;Deutscher Arbeiterverein;x
SGF_socialist_2;Sozialdem. Arbeiterpartei ;x
SGF_socialist_3;Sozial. Arbeiterpartei ;x
SHI_anarcho_liberal;The Radical Faction;x
SHI_communist;The Communist Faction;x
SHI_conservative;Royal Faction;x
SHI_fascist;The Fascist Faction;x
SHI_liberal;The Liberal Faction;x
SHI_reactionary;The Nationalist Faction;x
SHI_socialist;The Socialist Faction;x
SHK_anarcho_liberal;Shilluk Libertarian Front;x
SHK_communist;Shilluk People's Front;x
SHK_conservative;Shilluk Podh Faction;x
SHK_fascist;Shilluk National Front;x
SHK_liberal;Reformist Faction;x
SHK_reactionary;Royal Holiness Faction;x
SHK_socialist;Shilluk Socialist Front;x
SHW_anarcho_liberal;The Radical Faction;x
SHW_communist;The Communist Faction;x
SHW_conservative;Negus's Faction;x
SHW_fascist;The Fascist Faction;x
SHW_liberal;The Liberal Faction;x
SHW_reactionary;The Church Faction;x
SHW_socialist;The Socialist Faction;x
SIA_anarcho_liberal;The Radical Faction;x
SIA_communist;The Communist Faction;x
SIA_conservative;Royal Faction;x
SIA_fascist;Thailand;x
SIA_liberal;The Liberal Faction;x
SIA_reactionary;The Nationalist Faction;x
SIA_socialist;The Socialist Faction;x
SIC_anarcho_liberal;Radicali;x
SIC_communist;Comunisti;x
SIC_conservative;Moderati ;x
SIC_conservative_2;Popolari;x
SIC_fascist;Fascisti;x
SIC_liberal;Riformisti ;x
SIC_liberal_2;Liberale;x
SIC_reactionary;Restaurazionisti;x
SIC_socialist;Socialisti;x
SIE_anarcho_liberal;The Radical Faction;x
SIE_communist;The Communist Faction;x
SIE_conservative;Royal Faction;x
SIE_fascist;The Fascist Faction;x
SIE_liberal;The Liberal Faction;x
SIE_reactionary;The Nationalist Faction;x
SIE_socialist;The Socialist Faction;x
SIK_anarcho_liberal;The Radical Faction;x
SIK_communist;The Communist Faction;x
SIK_conservative;Royal Faction;x
SIK_fascist;The Fascist Faction;x
SIK_liberal;The Liberal Faction;x
SIK_reactionary;The Nationalist Faction;x
SIK_socialist;The Socialist Faction;x
SIN_anarcho_liberal;The Radical Faction;x
SIN_communist;The Communist Faction;x
SIN_conservative;Royal Faction;x
SIN_fascist;The Fascist Faction;x
SIN_liberal;The Liberal Faction;x
SIN_reactionary;The Nationalist Faction;x
SIN_socialist;The Socialist Faction;x
SLO_anarcho_liberal;The Radical Faction;x
SLO_communist;The Communist Faction;x
SLO_conservative;Royal Faction;x
SLO_fascist;The Fascist Faction;x
SLO_liberal;The Liberal Faction;x
SLO_reactionary;The Nationalist Faction;x
SLO_socialist;The Socialist Faction;x
SLV_anarcho_liberal;The Radical Faction;x
SLV_communist;The Communist Faction;x
SLV_conservative;Royal Faction;x
SLV_fascist;Slovenská Ludová Strana;x
SLV_liberal;The Liberal Faction;x
SLV_reactionary;The Nationalist Faction;x
SLV_socialist;The Socialist Faction;x
SOK_anarcho_liberal;The Radical Faction;x
SOK_communist;The Communist Faction;x
SOK_conservative;Royal Faction;x
SOK_fascist;The Fascist Faction;x
SOK_liberal;The Liberal Faction;x
SOK_reactionary;The Nationalist Faction;x
SOK_socialist;The Socialist Faction;x
SOM_anarcho_liberal;Somali National Congress;x
SOM_communist;Somali Revolutionary Socialist Party;x
SOM_conservative;United Somali Party;x
SOM_fascist;Greater Somalia League;x
SOM_liberal;Somali Democratic Union;x
SOM_reactionary;Halgankii Daraawiishta;x
SOM_socialist;Somali Youth League;x
SPA_anarcho_liberal;Partido Radical;x
SPA_communist;Federación Regional;x
SPA_conservative;Partido Moderado;x
SPA_conservative_2;Unión Liberal;x
SPA_conservative_3;Lliga Regionalista Cat.;x
SPA_conservative_4;Nacionalista Vasco;x
SPA_conservative_5;Unión Nacional;x
SPA_fascist;Falange;x
SPA_liberal;Partido Progresista;x
SPA_liberal_2;Republicano Federal;x
SPA_liberal_3;Republicano Unitario;x
SPA_liberal_4;Radical Republicano;x
SPA_liberal_5;Unión Republicana;x
SPA_liberal_6;Republicano Reformista;x
SPA_liberal_7;Solidaridad Catalana;x
SPA_reactionary;Comunión Carlista;x
SPA_socialist;Partido Socialista;x
SRI_anarcho_liberal;The Radical Faction;x
SRI_communist;The Communist Faction;x
SRI_conservative;Royal Faction;x
SRI_fascist;The Fascist Faction;x
SRI_liberal;The Liberal Faction;x
SRI_reactionary;The Nationalist Faction;x
SRI_socialist;The Socialist Faction;x
SUD_anarcho_liberal;Al Anarkiliberali;x
SUD_communist;Al Shiu'i;x
SUD_conservative;Al Muhafidh;x
SUD_fascist;Al Fashi;x
SUD_liberal;Al Mutaharir;x
SUD_reactionary;The Mahdists;x
SUD_socialist;Al Ishtiraki;x
SUL_anarcho_liberal;Radical Faction;x
SUL_communist;Communist Faction;x
SUL_conservative;Conservatist Faction;x
SUL_fascist;Fascist faction;x
SUL_liberal;Reformist Faction;x
SUL_reactionary;Nationalist Faction;x
SUL_socialist;Progressive Faction;x
SWE_anarcho_liberal;Anti-revoultionära partiet;x
SWE_communist;Socialdem. Vänsterpartiet;x
SWE_conservative;Konservativa Partiet;x
SWE_conservative_2;Sveriges Agrarförbund ;x
SWE_conservative_3;Bondeförbundet ;x
SWE_conservative_4;Almänna Valmansförbundet;x
SWE_conservative_5;Sveriges Agrarförbund ;x
SWE_fascist;Nationalsocialistiska Blocket;x
SWE_liberal;Liberala Partiet;x
SWE_liberal_2;Nya Landtmannapartiet;x
SWE_liberal_3;Landtmannapartiet ;x
SWE_liberal_4;Gamla Landtmannapartiet;x
SWE_liberal_5;Landtmannapartiet ;x
SWE_liberal_6;Liberala Samlingspartiet;x
SWE_reactionary;Nationalistpartiet;x
SWE_socialist;Socialdemokraterna;x
SWI_anarcho_liberal;Radikale Fraktion;x
SWI_communist;Kommunistische Partei;x
SWI_conservative;Katholisch Konservative;x
SWI_conservative_2;Liberalen demokratischen;x
SWI_conservative_3;Protestantisch-konservativ;x
SWI_fascist;Nationale Front;x
SWI_liberal;Freisinnig-Demokratische Partei;x
SWI_reactionary;Konservative Fraktion;x
SWI_reactionary_2;Protestantisch-christlich;x
SWI_socialist;Sozialistische Fraktion;x
SWK_anarcho_liberal;The Radical Faction;x
SWK_communist;The Communist Faction;x
SWK_conservative;Rajah Faction;x
SWK_fascist;The Borneo Faction;x
SWK_fascist_dictatorship;Borneo Republic;x
SWK_fascist_dictatorship_ADJ;Bornean;x
SWK_liberal;The Liberal Faction;x
SWK_reactionary;The Nationalist Faction;x
SWK_socialist;The Socialist Faction;x
SXI_anarcho_liberal;Freedom Party;x
SXI_communist;Chinese Communist Party;x
SXI_conservative;Kuomintang Faction;x
SXI_fascist;Fascist Party;x
SXI_liberal;Liberal Party;x
SXI_reactionary;Hsi-Shan Faction;x
SXI_socialist;Socialist Party;x
SYR_anarcho_liberal;Hizb al-Wataniyyin al-Ahrar;x
SYR_communist;Al-hizb ash-Shuyu'i as-Suri;x
SYR_conservative;Jam?iyat al-Arabiya al-Fatat;x
SYR_fascist;Al-Hizb Al-Suri Al-Qawmi Al-'Ijtima'i;x
SYR_liberal;Hizb al-Islah al-Suriy;x
SYR_reactionary;Haraka al-Ahd al-Watani;x
SYR_socialist;Haraka al-Ishtirakiyyun al-Arab;x
SZC_anarcho_liberal;Freedom Party;x
SZC_communist;Chinese Communist Party;x
SZC_conservative;Kuomintang Faction;x
SZC_fascist;Fascist Party;x
SZC_liberal;Liberal Party;x
SZC_reactionary;Beiyang Faction;x
SZC_socialist;Socialist Party;x
TEX_anarcho_liberal;Radical Party;x
TEX_communist;Communist Party;x
TEX_conservative;Whig Party;x
TEX_conservative_2;Populist Party;x
TEX_fascist;Fascist Party;x
TEX_liberal;Democratic Party;x
TEX_reactionary;Nationalist Party;x
TEX_socialist;Socialist Party;x
TIB_anarcho_liberal;The Radical Faction;x
TIB_communist;The Communist Faction;x
TIB_conservative;Lamaite Faction;x
TIB_fascist;The Fascist Faction;x
TIB_liberal;The Liberal Faction;x
TIB_reactionary;The Nationalist Faction;x
TIB_socialist;The Socialist Faction;x
TIG_anarcho_liberal;Freedom Faction;x
TIG_communist;Tigrayan Communist Party;x
TIG_conservative;Faction of the Ras of Tigray;x
TIG_fascist;Fascist Faction;x
TIG_liberal;Reform Faction;x
TIG_reactionary;Traditionalist faction;x
TIG_socialist;Tigrayan People's Liberation Front;x
TKG_fascist;Kokuryukai;x
TKM_anarcho_liberal;The Radical Faction;x
TKM_communist;The Communist Faction;x
TKM_conservative;Royal Faction;x
TKM_fascist;The Fascist Faction;x
TKM_liberal;The Liberal Faction;x
TKM_reactionary;The Nationalist Faction;x
TKM_socialist;The Socialist Faction;x
TOO_anarcho_liberal;Freedom Faction;x
TOO_communist;Communist Faction;x
TOO_conservative;Almaami Faction;x
TOO_fascist;Empire Faction;x
TOO_liberal;Reform Faction;x
TOO_reactionary;Religious Faction;x
TOO_socialist;Socialist Faction;x
TOU_conservative;Caliph's Faction;x
TOU_fascist_dictatorship;Sahelian Republic;x
TOU_fascist_dictatorship_ADJ;Sahelian;x
TOU_reactionary;Caliph's Faction;x
TPG_anarcho_liberal;The Radical Faction;x
TPG_communist;The Communist Faction;x
TPG_conservative;West King;x
TPG_fascist;The Fascist Faction;x
TPG_fascist_dictatorship;Taiping;x
TPG_liberal;Yi King;x
TPG_reactionary;East King;x
TPG_socialist;North King;x
TRA_anarcho_liberal;The Radical Faction;x
TRA_communist;The Communist Faction;x
TRA_conservative;Royal Faction;x
TRA_fascist;The Fascist Faction;x
TRA_liberal;The Liberal Faction;x
TRA_reactionary;The Nationalist Faction;x
TRA_socialist;The Socialist Faction;x
TRE_anarcho_liberal;Radicali;x
TRE_communist;Rivoluzionari;x
TRE_conservative;Transigenti;x
TRE_fascist;Fascisti;x
TRE_liberal;Intransigenti;x
TRE_reactionary;Monarchici;x
TRE_reactionary_2;Cattolici;x
TRE_socialist;Socialisti;x
TRI_anarcho_liberal;The Radical Faction;x
TRI_communist;The Communist Faction;x
TRI_conservative;Royal Faction;x
TRI_fascist;The Fascist Faction;x
TRI_liberal;The Liberal Faction;x
TRI_reactionary;The Nationalist Faction;x
TRI_socialist;The Socialist Faction;x
TRN_anarcho_liberal;Radical Party;x
TRN_communist;Communist Party;x
TRN_conservative;Voortrekker Partei;x
TRN_conservative_2;Boeren Partei;x
TRN_fascist;Fascist Party;x
TRN_liberal;Liberal Party;x
TRN_reactionary;Nationalist Partei;x
TRN_socialist;Socialist Party;x
TRZ_anarcho_liberal;Radical Faction;x
TRZ_communist;Mauritanian Entente;x
TRZ_conservative;Emir's Faction;x
TRZ_conservative_2;Progressive Union;x
TRZ_fascist;Nahda;x
TRZ_fascist_dictatorship;Mauritania;x
TRZ_fascist_dictatorship_ADJ;Mauritanian;x
TRZ_liberal;Reform Faction;x
TRZ_liberal_2;Agreement Party;x
TRZ_reactionary;Islamic faction;x
TRZ_reactionary_2;People's Party;x
TRZ_socialist;Association of the Young Mauritanians;x
TUN_anarcho_liberal;The Radical Faction;x
TUN_communist;The Communist Faction;x
TUN_conservative;Royal Faction;x
TUN_fascist;The Fascist Faction;x
TUN_liberal;The Liberal Faction;x
TUN_reactionary;The Nationalist Faction;x
TUN_socialist;The Socialist Faction;x
TUR_anarcho_liberal;Osmanli Ahrar Firkasi;x
TUR_communist;Ihtilalci Avam Firkasi;x
TUR_communist_2;Komünist Firka;x
TUR_communist_3;Halk Istirakiyun Firkasi;x
TUR_conservative;Hükumet-i Hümayun;x
TUR_conservative_2;Selamet-i Osmaniye;x
TUR_conservative_3;Hürriyet ve Itilâf Firkasi;x
TUR_fascist;Ittihat ve Terakki Firkasi;x
TUR_fascist_2;Türk Ocagi;x
TUR_fascist_3;Milli Firka;x
TUR_liberal;Ittihat ve Terakki Firkasi;x
TUR_liberal_2;Tanzimat Firkasi;x
TUR_liberal_3;Yeni Osmanlilar Cemiyeti;x
TUR_liberal_4;Osmanli Demokrat Firkasi;x
TUR_liberal_5;Halk Firkasi;x
TUR_reactionary;Nizam-i Alem;x
TUR_reactionary_2;Ittihad-i Muhammedi Firkasi;x
TUR_reactionary_3;Halâskâr Zabitân;x
TUR_reactionary_4;Fedailer Cemiyeti;x
TUR_socialist;Osmanli Köylü ve Amele Firkasi;x
TUR_socialist_2;Osmanli Ahali Firkasi;x
TUR_socialist_3;Sosyalist Firka;x
TUS_anarcho_liberal;Radicali;x
TUS_communist;Comunisti;x
TUS_conservative;Moderati ;x
TUS_conservative_2;Popolari;x
TUS_fascist;Fascisti;x
TUS_liberal;Riformisti ;x
TUS_liberal_2;Liberali;x
TUS_reactionary;Restaurazionisti;x
TUS_socialist;Socialisti;x
UBD_anarcho_liberals;Radical Party;x
UBD_communist;Baltic Communist Party;x
UBD_conservative;German Landtag;x
UBD_conservative_2;Union of Landowners and Farmers;x
UBD_fascist;Baltic Fascist Union;x
UBD_liberal;Progressive Union;x
UBD_liberal_2;The All-Baltic Landtag;x
UBD_reactionary;Royalist Faction;x
UBD_socialist;Union of Baltic Workers and Socialists;x
UBD_socialist_2;Baltic Labour Party;x
UCA_anarcho_liberal;Partido Radical;x
UCA_communist;Partido Comunista;x
UCA_conservative;Partido Conservador;x
UCA_fascist;Partido Fascista;x
UCA_liberal;Partido Liberal;x
UCA_reactionary;Partido Nacionalista;x
UCA_socialist;Partido Socialista;x
UKR_anarcho_liberal;Ukrainian Radical Party;x
UKR_communist;Ukrainian Communist Party;x
UKR_conservative;Ukrainian Democratic Agrarian Party;x
UKR_fascist;Organization of Ukrainian Nationalists;x
UKR_liberal;Ukrainian Democratic Party;x
UKR_reactionary;Congress of Landowners;x
UKR_socialist;Ukrainian Social Democratic Labour Party;x
URU_anarcho_liberal;Partido Radical;x
URU_communist;Partido Comunista;x
URU_conservative;Blancos;x
URU_conservative_2;Partido Nacional;x
URU_conservative_3;Unión Cívica de Uruguay;x
URU_fascist;Partido Fascista;x
URU_liberal;Colorados;x
URU_liberal_2;Colorados;x
URU_liberal_3;Liberales;x
URU_reactionary;Partido Nacionalista;x
URU_socialist;Partido Socialista;x
URU_socialist_2;Partido Socialista;x
USA_anarcho_liberal;Radical Party;x
USA_communist;Communist Party USA;x
USA_conservative;Democratic Party;x
USA_conservative_2;Democrats;x
USA_conservative_3;Constitutional Union Party;x
USA_conservative_4;Democratic Party;x
USA_fascist;Silver Legion of America;x
USA_fascist_dictatorship;The USA;x
USA_liberal;Republicans;x
USA_liberal_2;Whigs;x
USA_liberal_3;Free Soil Party;x
USA_liberal_4;Republican Party;x
USA_reactionary;Southern Democrats;x
USA_socialist;Workingmen's Party;x
VEN_anarcho_liberal;Radicali;x
VEN_communist;Rivoluzionari;x
VEN_conservative;Transigenti;x
VEN_fascist;Fascisti;x
VEN_liberal;Intransigenti;x
VEN_reactionary;Monarchici;x
VEN_reactionary_2;Cattolici;x
VEN_socialist;Socialisti;x
VNZ_anarcho_liberal;Partido Radical;x
VNZ_communist;Partido Comunista;x
VNZ_conservative;Partido Conservador;x
VNZ_conservative_2;Partido Centralista;x
VNZ_fascist;Partido Fascista;x
VNZ_liberal;Partido Liberal;x
VNZ_liberal_2;Partido Federalista;x
VNZ_liberal_3;Liberal Restaurador;x
VNZ_reactionary;Partido Unitario;x
VNZ_socialist;Partido Socialista;x
WAD_anarcho_liberal;Freedom Faction;x
WAD_communist;Communist Faction;x
WAD_conservative;Kolak's Faction;x
WAD_fascist;Fascist Faction;x
WAD_liberal;Reform Faction;x
WAD_reactionary;Religious Faction;x
WAD_socialist;Socialist Faction;x
WAL_anarcho_liberal;Partidul Radical;x
WAL_communist;Partidul Communist;x
WAL_conservative;Partidul Conservator;x
WAL_conservative_2;Partidul Taranesc;x
WAL_conservative_3;Partidul Conservator Democrat;x
WAL_fascist;Garda de Fier;x
WAL_liberal;Partida Nationala;x
WAL_liberal_2;Partidul Liberal;x
WAL_reactionary;Partida Boiereasca;x
WAL_reactionary_2;Partidul Nationalist Democrat;x
WAL_socialist;Partidul Social Democrat;x
WEI_anarcho_liberal;Radikale Arbeiterpartei;x
WEI_communist;Kommunistische Arbeiterpartei;x
WEI_conservative;Zentrumspartei;x
WEI_conservative_2;Konservative Partei;x
WEI_conservative_3;Christsoz. Arbeiterpartei;x
WEI_fascist;NSDP;x
WEI_liberal;Liberaldem. Partei;x
WEI_liberal_2;Nationalliberale ;x
WEI_liberal_3;Freisinnige Partei;x
WEI_reactionary;Nationale Partei;x
WEI_socialist;Deutscher Arbeiterverein;x
WEI_socialist_2;Sozialdem. Arbeiterpartei ;x
WEI_socialist_3;Sozial. Arbeiterpartei ;x
WIA_anarcho_liberal;The Radical Faction;x
WIA_communist;The Communist Faction;x
WIA_conservative;Royal Faction;x
WIA_fascist;The Fascist Faction;x
WIA_liberal;The Liberal Faction;x
WIA_reactionary;The Nationalist Faction;x
WIA_socialist;The Socialist Faction;x
WIF_anarcho_liberal;Caribbean Radicals;x
WIF_communist;Caribbean Communist Party;x
WIF_conservative;Conservative Party;x
WIF_fascist;National Socialist Party;x
WIF_liberal;Federal Democratic Party;x
WIF_reactionary;Plantation Owners;x
WIF_socialist;West Indies Labour Party;x
WLL_anarcho_liberal;The Radical Faction;x
WLL_communist;The Communist Faction;x
WLL_conservative;Royal Faction;x
WLL_fascist;Rexist Party;x
WLL_liberal;The Liberal Faction;x
WLL_reactionary;The Nationalist Faction;x
WLL_socialist;The Socialist Faction;x
WOL_anarcho_liberal;Freedom Faction;x
WOL_communist;Communist Faction;x
WOL_conservative;Buur-ba's Faction;x
WOL_fascist;Fascist Faction;x
WOL_liberal;Reform Faction;x
WOL_reactionary;Religious Faction;x
WOL_socialist;Socialist Faction;x
WRI_anarcho_liberal;Radical Faction;x
WRI_communist;Communist Faction;x
WRI_conservative;Olu's Faction;x
WRI_fascist;Fascist Faction;x
WRI_liberal;Reform Faction;x
WRI_reactionary;Military Faction;x
WRI_socialist;People's Faction;x
WRS_fascist_dictatorship;White Russia;x
WUR_anarcho_liberal;Radikale Arbeiterpartei;x
WUR_communist;Kommunistische Arbeiterpartei;x
WUR_conservative;Zentrumspartei;x
WUR_conservative_2;Konservative Partei;x
WUR_conservative_3;Christsoz. Arbeiterpartei;x
WUR_fascist;NSDP;x
WUR_liberal;Liberaldem. Partei;x
WUR_liberal_2;Nationalliberale ;x
WUR_liberal_3;Freisinnige Partei;x
WUR_reactionary;Nationale Partei;x
WUR_socialist;Deutscher Arbeiterverein;x
WUR_socialist_2;Sozialdem. Arbeiterpartei ;x
WUR_socialist_3;Sozial. Arbeiterpartei ;x
XBI_anarcho_liberal;Freedom Party;x
XBI_communist;Chinese Communist Party;x
XBI_conservative;Kuomintang Faction;x
XBI_conservative_2;Amban Faction;x
XBI_fascist;Fascist Party;x
XBI_liberal;Liberal Party;x
XBI_liberal_2;Reformer Faction;x
XBI_reactionary;Ma Family;x
XBI_reactionary_2;Confucianist Faction;x
XBI_socialist;Socialist Party;x
XHO_anarcho_liberal;Radical Faction;x
XHO_communist;Communist Faction;x
XHO_conservative;Conservative Faction;x
XHO_fascist;Fascist Faction;x
XHO_liberal;Liberal Faction;x
XHO_reactionary;Traditional Faction;x
XHO_socialist;Socialist Faction;x
XIN_anarcho_liberal;Freedom Party;x
XIN_communist;Chinese Communist Party;x
XIN_conservative;Kuomintang Faction;x
XIN_conservative_2;Amban Faction;x
XIN_fascist;Fascist Party;x
XIN_liberal;Liberal Party;x
XIN_liberal_2;Reformer Faction;x
XIN_reactionary;Zenxin Faction;x
XIN_reactionary_2;Confucianist Faction;x
XIN_socialist;Socialist Party;x
YEM_anarcho_liberal;The Radical Faction;x
YEM_communist;The Communist Faction;x
YEM_conservative;Sheikal Faction;x
YEM_fascist;The Fascist Faction;x
YEM_liberal;The Liberal Faction;x
YEM_reactionary;The Nationalist Faction;x
YEM_socialist;The Socialist Faction;x
YNN_anarcho_liberal;Freedom Party;x
YNN_communist;Chinese Communist Party;x
YNN_conservative;Kuomintang Faction;x
YNN_conservative_2;Local Tusi;x
YNN_fascist;Fascist Party;x
YNN_liberal;Liberal Party;x
YNN_liberal_2;Westerniser Tusi;x
YNN_reactionary;Cai E's Faction;x
YNN_reactionary_2;Confucianist Tusi;x
YNN_socialist;Socialist Party;x
YUC_anarcho_liberal;Partido Radical;x
YUC_communist;Partido Communist;x
YUC_conservative;Partido Conservador;x
YUC_fascist;Partido Fascist;x
YUC_liberal;Partido Liberal;x
YUC_reactionary;Partido Nationalist;x
YUC_socialist;Partido Socialist;x
YUG_anarcho_liberal;Narodna Radikalna Stranka;x
YUG_communist;Komunisticka Partija Jugoslavije;x
YUG_conservative;Jugoslovanska Demokratska Stranka;x
YUG_fascist;ZBOR;x
YUG_liberal;Samostalna Demokratska Stranka;x
YUG_reactionary;Jugoslovenska Nacionalna Stranka;x
YUG_socialist;Socijalisticka Radnicka Partija Jugoslavije;x
ZAN_anarcho_liberal;The Radical Faction;x
ZAN_communist;The Communist Faction;x
ZAN_conservative;Royal Faction;x
ZAN_fascist;The Fascist Faction;x
ZAN_liberal;The Liberal Faction;x
ZAN_reactionary;The Nationalist Faction;x
ZAN_socialist;The Socialist Faction;x
ZUL_anarcho_liberal;The Radical Faction;x
ZUL_communist;The Communist Faction;x
ZUL_conservative;Royal Faction;x
ZUL_fascist;The Fascist Faction;x
ZUL_liberal;The Liberal Faction;x
ZUL_reactionary;The Nationalist Faction;x
ZUL_socialist;The Socialist Faction;x
